npm verbose cli C:\Program Files\nodejs\node.exe C:\Program Files\nodejs\node_modules\npm\bin\npm-cli.js
npm info using npm@11.6.2
npm info using node@v24.12.0
npm verbose title npm install
npm verbose argv "install" "--legacy-peer-deps" "--loglevel" "verbose"
npm verbose logfile logs-max:10 dir:C:\Users\henry\AppData\Local\npm-cache\_logs\2026-01-17T14_17_47_426Z-
npm verbose logfile C:\Users\henry\AppData\Local\npm-cache\_logs\2026-01-17T14_17_47_426Z-debug-0.log
npm http fetch GET 200 https://registry.npmjs.org/react 738ms (cache revalidated)
npm http fetch GET 200 https://registry.npmjs.org/react-dom 185ms (cache revalidated)
npm http fetch GET 200 https://registry.npmjs.org/react-router-dom 173ms (cache revalidated)
npm http fetch GET 200 https://registry.npmjs.org/zustand 470ms (cache revalidated)
npm http fetch GET 200 https://registry.npmjs.org/axios 153ms (cache revalidated)
npm http fetch GET 200 https://registry.npmjs.org/tailwindcss 186ms (cache revalidated)
npm http fetch GET 200 https://registry.npmjs.org/autoprefixer 164ms (cache revalidated)
npm http fetch GET 200 https://registry.npmjs.org/postcss 170ms (cache revalidated)
npm http fetch GET 200 https://registry.npmjs.org/@vitejs%2fplugin-react 179ms (cache revalidated)
npm http fetch GET 200 https://registry.npmjs.org/vite 250ms (cache revalidated)
npm http fetch GET 200 https://registry.npmjs.org/vitest 172ms (cache revalidated)
npm http fetch GET 200 https://registry.npmjs.org/@vitest%2fui 963ms (cache revalidated)
npm http fetch GET 200 https://registry.npmjs.org/@vitest%2fcoverage-v8 650ms (cache revalidated)
npm http fetch GET 200 https://registry.npmjs.org/@testing-library%2freact 338ms (cache revalidated)
npm http fetch GET 200 https://registry.npmjs.org/@testing-library%2fjest-dom 348ms (cache revalidated)
npm http fetch GET 200 https://registry.npmjs.org/@testing-library%2fuser-event 371ms (cache revalidated)
npm http fetch GET 200 https://registry.npmjs.org/cypress 469ms (cache revalidated)
npm http fetch GET 200 https://registry.npmjs.org/eslint 165ms (cache revalidated)
npm http fetch GET 200 https://registry.npmjs.org/eslint-plugin-react 148ms (cache revalidated)
npm http fetch GET 200 https://registry.npmjs.org/eslint-plugin-react-hooks 155ms (cache revalidated)
npm http fetch GET 200 https://registry.npmjs.org/prettier 155ms (cache revalidated)
npm http fetch GET 200 https://registry.npmjs.org/aria-query 183ms (cache revalidated)
npm http fetch GET 200 https://registry.npmjs.org/@types%2fbabel__core 174ms (cache revalidated)
npm http fetch GET 200 https://registry.npmjs.org/picocolors 521ms (cache revalidated)
npm http fetch GET 200 https://registry.npmjs.org/dom-accessibility-api 529ms (cache revalidated)
npm http fetch GET 200 https://registry.npmjs.org/redent 536ms (cache revalidated)
npm http fetch GET 200 https://registry.npmjs.org/@rolldown%2fpluginutils 179ms (cache revalidated)
npm http fetch GET 200 https://registry.npmjs.org/@babel%2fcore 555ms (cache revalidated)
npm http fetch GET 200 https://registry.npmjs.org/debug 168ms (cache revalidated)
npm http fetch GET 200 https://registry.npmjs.org/@babel%2fplugin-transform-react-jsx-self 188ms (cache revalidated)
npm http fetch GET 200 https://registry.npmjs.org/magicast 157ms (cache revalidated)
npm http fetch GET 200 https://registry.npmjs.org/@babel%2fplugin-transform-react-jsx-source 195ms (cache revalidated)
npm http fetch GET 200 https://registry.npmjs.org/std-env 236ms (cache revalidated)
npm http fetch GET 200 https://registry.npmjs.org/magic-string 140ms (cache revalidated)
npm http fetch GET 200 https://registry.npmjs.org/istanbul-reports 177ms (cache revalidated)
npm http fetch GET 200 https://registry.npmjs.org/strip-literal 193ms (cache revalidated)
npm http fetch GET 200 https://registry.npmjs.org/@bcoe%2fv8-coverage 198ms (cache revalidated)
npm http fetch GET 200 https://registry.npmjs.org/istanbul-lib-report 155ms (cache revalidated)
npm http fetch GET 200 https://registry.npmjs.org/istanbul-lib-coverage 167ms (cache revalidated)
npm http fetch GET 200 https://registry.npmjs.org/@babel%2fruntime 1090ms (cache revalidated)
npm http fetch GET 200 https://registry.npmjs.org/@ampproject%2fremapping 215ms (cache revalidated)
npm http fetch GET 200 https://registry.npmjs.org/istanbul-lib-source-maps 188ms (cache revalidated)
npm http fetch GET 200 https://registry.npmjs.org/test-exclude 510ms (cache revalidated)
npm http fetch GET 200 https://registry.npmjs.org/@adobe%2fcss-tools 1227ms (cache revalidated)
npm http fetch GET 200 https://registry.npmjs.org/flatted 157ms (cache revalidated)
npm http fetch GET 200 https://registry.npmjs.org/react-refresh 1319ms (cache revalidated)
npm http fetch GET 200 https://registry.npmjs.org/css.escape 1364ms (cache revalidated)
npm http fetch GET 200 https://registry.npmjs.org/fast-glob 194ms (cache revalidated)
npm http fetch GET 200 https://registry.npmjs.org/browserslist 152ms (cache revalidated)
npm http fetch GET 200 https://registry.npmjs.org/caniuse-lite 162ms (cache revalidated)
npm http fetch GET 200 https://registry.npmjs.org/sirv 462ms (cache revalidated)
npm http fetch GET 200 https://registry.npmjs.org/form-data 120ms (cache revalidated)
npm http fetch GET 200 https://registry.npmjs.org/follow-redirects 193ms (cache revalidated)
npm http fetch GET 200 https://registry.npmjs.org/@vitest%2futils 373ms (cache revalidated)
npm http fetch GET 200 https://registry.npmjs.org/proxy-from-env 156ms (cache revalidated)
npm http fetch GET 200 https://registry.npmjs.org/@testing-library%2fdom 1619ms (cache revalidated)
npm http fetch GET 200 https://registry.npmjs.org/tmp 162ms (cache revalidated)
npm http fetch GET 200 https://registry.npmjs.org/dayjs 170ms (cache revalidated)
npm http fetch GET 200 https://registry.npmjs.org/execa 170ms (cache revalidated)
npm http fetch GET 200 https://registry.npmjs.org/postcss-value-parser 423ms (cache revalidated)
npm http fetch GET 200 https://registry.npmjs.org/yauzl 158ms (cache revalidated)
npm http fetch GET 200 https://registry.npmjs.org/fraction.js 446ms (cache revalidated)
npm http fetch GET 200 https://registry.npmjs.org/fflate 798ms (cache revalidated)
npm http fetch GET 200 https://registry.npmjs.org/lodash 133ms (cache revalidated)
npm http fetch GET 200 https://registry.npmjs.org/arch 427ms (cache revalidated)
npm http fetch GET 200 https://registry.npmjs.org/buffer 183ms (cache revalidated)
npm http fetch GET 200 https://registry.npmjs.org/chalk 468ms (cache revalidated)
npm http fetch GET 200 https://registry.npmjs.org/figures 131ms (cache revalidated)
npm http fetch GET 200 https://registry.npmjs.org/ci-info 180ms (cache revalidated)
npm http fetch GET 200 https://registry.npmjs.org/getos 464ms (cache revalidated)
npm http fetch GET 200 https://registry.npmjs.org/bluebird 140ms (cache revalidated)
npm http fetch GET 200 https://registry.npmjs.org/pathe 1074ms (cache revalidated)
npm http fetch GET 200 https://registry.npmjs.org/enquirer 151ms (cache revalidated)
npm http fetch GET 200 https://registry.npmjs.org/fs-extra 167ms (cache revalidated)
npm http fetch GET 200 https://registry.npmjs.org/minimist 152ms (cache revalidated)
npm http fetch GET 200 https://registry.npmjs.org/listr2 478ms (cache revalidated)
npm http fetch GET 200 https://registry.npmjs.org/ospath 477ms (cache revalidated)
npm http fetch GET 200 https://registry.npmjs.org/semver 473ms (cache revalidated)
npm http fetch GET 200 https://registry.npmjs.org/@types%2freact-dom 2367ms (cache revalidated)
npm http fetch GET 200 https://registry.npmjs.org/process 484ms (cache revalidated)
npm http fetch GET 200 https://registry.npmjs.org/tree-kill 169ms (cache revalidated)
npm http fetch GET 200 https://registry.npmjs.org/executable 163ms (cache revalidated)
npm http fetch GET 200 https://registry.npmjs.org/cli-cursor 176ms (cache revalidated)
npm http fetch GET 200 https://registry.npmjs.org/cachedir 456ms (cache revalidated)
npm http fetch GET 200 https://registry.npmjs.org/common-tags 161ms (cache revalidated)
npm http fetch GET 200 https://registry.npmjs.org/log-symbols 153ms (cache revalidated)
npm http fetch GET 200 https://registry.npmjs.org/pretty-bytes 162ms (cache revalidated)
npm http fetch GET 200 https://registry.npmjs.org/blob-util 456ms (cache revalidated)
npm http fetch GET 200 https://registry.npmjs.org/lazy-ass 540ms (cache revalidated)
npm http fetch GET 200 https://registry.npmjs.org/commander 434ms (cache revalidated)
npm http fetch GET 200 https://registry.npmjs.org/@types%2fsizzle 167ms (cache revalidated)
npm http fetch GET 200 https://registry.npmjs.org/untildify 483ms (cache revalidated)
npm http fetch GET 200 https://registry.npmjs.org/extract-zip 422ms (cache revalidated)
npm http fetch GET 200 https://registry.npmjs.org/@types%2fsinonjs__fake-timers 201ms (cache revalidated)
npm http fetch GET 200 https://registry.npmjs.org/ajv 144ms (cache revalidated)
npm http fetch GET 200 https://registry.npmjs.org/levn 137ms (cache revalidated)
npm http fetch GET 200 https://registry.npmjs.org/espree 140ms (cache revalidated)
npm http fetch GET 200 https://registry.npmjs.org/eventemitter2 517ms (cache revalidated)
npm http fetch GET 200 https://registry.npmjs.org/supports-color 491ms (cache revalidated)
npm http fetch GET 200 https://registry.npmjs.org/is-installed-globally 429ms (cache revalidated)
npm http fetch GET 200 https://registry.npmjs.org/ignore 183ms (cache revalidated)
npm http fetch GET 200 https://registry.npmjs.org/check-more-types 471ms (cache revalidated)
npm http fetch GET 200 https://registry.npmjs.org/esquery 129ms (cache revalidated)
npm http fetch GET 200 https://registry.npmjs.org/request-progress 485ms (cache revalidated)
npm http fetch GET 200 https://registry.npmjs.org/find-up 144ms (cache revalidated)
npm http fetch GET 200 https://registry.npmjs.org/globals 143ms (cache revalidated)
npm http fetch GET 200 https://registry.npmjs.org/is-glob 155ms (cache revalidated)
npm http fetch GET 200 https://registry.npmjs.org/minimatch 140ms (cache revalidated)
npm http fetch GET 200 https://registry.npmjs.org/cli-table3 1032ms (cache revalidated)
npm http fetch GET 200 https://registry.npmjs.org/strip-ansi 152ms (cache revalidated)
npm http fetch GET 200 https://registry.npmjs.org/@eslint%2fjs 234ms (cache revalidated)
npm http fetch GET 200 https://registry.npmjs.org/cross-spawn 131ms (cache revalidated)
npm http fetch GET 200 https://registry.npmjs.org/esutils 493ms (cache revalidated)
npm http fetch GET 200 https://registry.npmjs.org/glob-parent 151ms (cache revalidated)
npm http fetch GET 200 https://registry.npmjs.org/graphemer 436ms (cache revalidated)
npm http fetch GET 200 https://registry.npmjs.org/eslint-scope 129ms (cache revalidated)
npm http fetch GET 200 https://registry.npmjs.org/js-yaml 490ms (cache revalidated)
npm http fetch GET 200 https://registry.npmjs.org/doctrine 497ms (cache revalidated)
npm http fetch GET 200 https://registry.npmjs.org/imurmurhash 175ms (cache revalidated)
npm http fetch GET 200 https://registry.npmjs.org/@cypress%2frequest 1010ms (cache revalidated)
npm http fetch GET 200 https://registry.npmjs.org/lodash.merge 139ms (cache revalidated)
npm http fetch GET 200 https://registry.npmjs.org/optionator 448ms (cache revalidated)
npm http fetch GET 200 https://registry.npmjs.org/is-path-inside 143ms (cache revalidated)
npm http fetch GET 200 https://registry.npmjs.org/text-table 466ms (cache revalidated)
npm http fetch GET 200 https://registry.npmjs.org/@cypress%2fxvfb 1299ms (cache revalidated)
npm http fetch GET 200 https://registry.npmjs.org/eslint-visitor-keys 139ms (cache revalidated)
npm http fetch GET 200 https://registry.npmjs.org/@nodelib%2ffs.walk 189ms (cache revalidated)
npm http fetch GET 200 https://registry.npmjs.org/escape-string-regexp 156ms (cache revalidated)
npm http fetch GET 200 https://registry.npmjs.org/@eslint-community%2fregexpp 172ms (cache revalidated)
npm http fetch GET 200 https://registry.npmjs.org/@eslint%2feslintrc 302ms (cache revalidated)
npm http fetch GET 200 https://registry.npmjs.org/@humanwhocodes%2fmodule-importer 184ms (cache revalidated)
npm http fetch GET 200 https://registry.npmjs.org/fast-deep-equal 416ms (cache revalidated)
npm http fetch GET 200 https://registry.npmjs.org/array-includes 185ms (cache revalidated)
npm http fetch GET 200 https://registry.npmjs.org/array.prototype.findlast 165ms (cache revalidated)
npm http fetch GET 200 https://registry.npmjs.org/es-iterator-helpers 128ms (cache revalidated)
npm http fetch GET 200 https://registry.npmjs.org/file-entry-cache 505ms (cache revalidated)
npm http fetch GET 200 https://registry.npmjs.org/array.prototype.tosorted 178ms (cache revalidated)
npm http fetch GET 200 https://registry.npmjs.org/estraverse 154ms (cache revalidated)
npm http fetch GET 200 https://registry.npmjs.org/@ungap%2fstructured-clone 474ms (cache revalidated)
npm http fetch GET 200 https://registry.npmjs.org/hasown 150ms (cache revalidated)
npm http fetch GET 200 https://registry.npmjs.org/natural-compare 630ms (cache revalidated)
npm http fetch GET 200 https://registry.npmjs.org/jsx-ast-utils 123ms (cache revalidated)
npm http fetch GET 200 https://registry.npmjs.org/@eslint-community%2feslint-utils 527ms (cache revalidated)
npm http fetch GET 200 https://registry.npmjs.org/resolve 136ms (cache revalidated)
npm http fetch GET 200 https://registry.npmjs.org/object.values 193ms (cache revalidated)
npm http fetch GET 200 https://registry.npmjs.org/array.prototype.flatmap 454ms (cache revalidated)
npm http fetch GET 200 https://registry.npmjs.org/string.prototype.matchall 142ms (cache revalidated)
npm http fetch GET 200 https://registry.npmjs.org/object.fromentries 223ms (cache revalidated)
npm http fetch GET 200 https://registry.npmjs.org/nanoid 152ms (cache revalidated)
npm http fetch GET 200 https://registry.npmjs.org/@humanwhocodes%2fconfig-array 707ms (cache revalidated)
npm http fetch GET 200 https://registry.npmjs.org/source-map-js 156ms (cache revalidated)
npm http fetch GET 200 https://registry.npmjs.org/react-router 161ms (cache revalidated)
npm http fetch GET 200 https://registry.npmjs.org/loose-envify 202ms (cache revalidated)
npm http fetch GET 200 https://registry.npmjs.org/prop-types 439ms (cache revalidated)
npm http fetch GET 200 https://registry.npmjs.org/json-stable-stringify-without-jsonify 834ms (cache revalidated)
npm http fetch GET 200 https://registry.npmjs.org/arg 176ms (cache revalidated)
npm http fetch GET 200 https://registry.npmjs.org/dlv 170ms (cache revalidated)
npm http fetch GET 200 https://registry.npmjs.org/string.prototype.repeat 443ms (cache revalidated)
npm http fetch GET 200 https://registry.npmjs.org/object.entries 552ms (cache revalidated)
npm http fetch GET 200 https://registry.npmjs.org/jiti 168ms (cache revalidated)
npm http fetch GET 200 https://registry.npmjs.org/sucrase 173ms (cache revalidated)
npm http fetch GET 200 https://registry.npmjs.org/didyoumean 174ms (cache revalidated)
npm http fetch GET 200 https://registry.npmjs.org/lilconfig 195ms (cache revalidated)
npm http fetch GET 200 https://registry.npmjs.org/micromatch 164ms (cache revalidated)
npm http fetch GET 200 https://registry.npmjs.org/object-hash 173ms (cache revalidated)
npm http fetch GET 200 https://registry.npmjs.org/loose-envify 504ms (cache revalidated)
npm http fetch GET 200 https://registry.npmjs.org/normalize-path 163ms (cache revalidated)
npm http fetch GET 200 https://registry.npmjs.org/postcss-import 197ms (cache revalidated)
npm http fetch GET 200 https://registry.npmjs.org/postcss-nested 142ms (cache revalidated)
npm http fetch GET 200 https://registry.npmjs.org/esbuild 154ms (cache revalidated)
npm http fetch GET 200 https://registry.npmjs.org/rollup 188ms (cache revalidated)
npm http fetch GET 200 https://registry.npmjs.org/@alloc%2fquick-lru 274ms (cache revalidated)
npm http fetch GET 200 https://registry.npmjs.org/postcss-js 444ms (cache revalidated)
npm http fetch GET 200 https://registry.npmjs.org/tinypool 226ms (cache revalidated)
npm http fetch GET 200 https://registry.npmjs.org/fsevents 402ms (cache revalidated)
npm http fetch GET 200 https://registry.npmjs.org/postcss-selector-parser 471ms (cache revalidated)
npm http fetch GET 200 https://registry.npmjs.org/postcss-load-config 509ms (cache revalidated)
npm http fetch GET 200 https://registry.npmjs.org/chokidar 751ms (cache revalidated)
npm http fetch GET 200 https://registry.npmjs.org/scheduler 1067ms (cache revalidated)
npm http fetch GET 200 https://registry.npmjs.org/acorn-walk 180ms (cache revalidated)
npm http fetch GET 200 https://registry.npmjs.org/chai 529ms (cache revalidated)
npm http fetch GET 200 https://registry.npmjs.org/vite-node 437ms (cache revalidated)
npm http fetch GET 200 https://registry.npmjs.org/tinybench 482ms (cache revalidated)
npm http fetch GET 200 https://registry.npmjs.org/use-sync-external-store 204ms (cache revalidated)
npm http fetch GET 200 https://registry.npmjs.org/local-pkg 893ms (cache revalidated)
npm http fetch GET 200 https://registry.npmjs.org/@vitest%2frunner 689ms (cache revalidated)
npm http fetch GET 200 https://registry.npmjs.org/@vitest%2fspy 792ms (cache revalidated)
npm http fetch GET 200 https://registry.npmjs.org/@remix-run%2frouter 1898ms (cache revalidated)
npm http fetch GET 200 https://registry.npmjs.org/@vitest%2fexpect 1338ms (cache revalidated)
npm http fetch GET 200 https://registry.npmjs.org/why-is-node-running 1536ms (cache revalidated)
npm http fetch GET 200 https://registry.npmjs.org/@vitest%2fsnapshot 1761ms (cache revalidated)
npm http fetch GET 200 https://registry.npmjs.org/strip-indent 473ms (cache revalidated)
npm http fetch GET 200 https://registry.npmjs.org/indent-string 496ms (cache revalidated)
npm http fetch GET 200 https://registry.npmjs.org/pretty-format 169ms (cache revalidated)
npm http fetch GET 200 https://registry.npmjs.org/@types%2faria-query 200ms (cache revalidated)
npm http fetch GET 200 https://registry.npmjs.org/lz-string 475ms (cache revalidated)
npm http fetch GET 200 https://registry.npmjs.org/@babel%2fcode-frame 522ms (cache revalidated)
npm http fetch GET 200 https://registry.npmjs.org/ansi-styles 180ms (cache revalidated)
npm http fetch GET 200 https://registry.npmjs.org/ansi-styles 197ms (cache revalidated)
npm http fetch GET 200 https://registry.npmjs.org/react-is 550ms (cache revalidated)
npm http fetch GET 200 https://registry.npmjs.org/deep-equal 1457ms (cache revalidated)
npm http fetch GET 200 https://registry.npmjs.org/ansi-regex 1562ms (cache revalidated)
npm http fetch GET 200 https://registry.npmjs.org/js-tokens 1810ms (cache revalidated)
npm http fetch GET 200 https://registry.npmjs.org/@babel%2fhelper-validator-identifier 1813ms (cache revalidated)
npm http fetch GET 200 https://registry.npmjs.org/gensync 138ms (cache revalidated)
npm http fetch GET 200 https://registry.npmjs.org/@babel%2ftemplate 173ms (cache revalidated)
npm http fetch GET 200 https://registry.npmjs.org/convert-source-map 178ms (cache revalidated)
npm http fetch GET 200 https://registry.npmjs.org/@babel%2fhelper-module-transforms 189ms (cache revalidated)
npm http fetch GET 200 https://registry.npmjs.org/@babel%2ftraverse 192ms (cache revalidated)
npm http fetch GET 200 https://registry.npmjs.org/@babel%2fhelper-compilation-targets 197ms (cache revalidated)
npm http fetch GET 200 https://registry.npmjs.org/@babel%2ftypes 202ms (cache revalidated)
npm http cache https://registry.npmjs.org/@babel%2ftypes 32ms (cache hit)
npm http fetch GET 200 https://registry.npmjs.org/@babel%2fhelper-plugin-utils 166ms (cache revalidated)
npm http fetch GET 200 https://registry.npmjs.org/@babel%2fhelper-plugin-utils 193ms (cache revalidated)
npm http fetch GET 200 https://registry.npmjs.org/@types%2fbabel__template 184ms (cache revalidated)
npm http fetch GET 200 https://registry.npmjs.org/@types%2fbabel__traverse 186ms (cache revalidated)
npm http fetch GET 200 https://registry.npmjs.org/@types%2fbabel__generator 183ms (cache revalidated)
npm http fetch GET 200 https://registry.npmjs.org/@babel%2fparser 228ms (cache revalidated)
npm http fetch GET 200 https://registry.npmjs.org/@babel%2fhelpers 497ms (cache revalidated)
npm http fetch GET 200 https://registry.npmjs.org/@babel%2fgenerator 502ms (cache revalidated)
npm http fetch GET 200 https://registry.npmjs.org/json5 427ms (cache revalidated)
npm http fetch GET 200 https://registry.npmjs.org/@jridgewell%2fremapping 626ms (cache revalidated)
npm http fetch GET 200 https://registry.npmjs.org/@babel%2fparser 648ms (cache revalidated)
npm http fetch GET 200 https://registry.npmjs.org/@jridgewell%2fgen-mapping 156ms (cache revalidated)
npm http fetch GET 200 https://registry.npmjs.org/@babel%2fhelper-string-parser 167ms (cache revalidated)
npm http fetch GET 200 https://registry.npmjs.org/@babel%2fhelper-module-imports 171ms (cache revalidated)
npm http fetch GET 200 https://registry.npmjs.org/@babel%2fcompat-data 181ms (cache revalidated)
npm http fetch GET 200 https://registry.npmjs.org/@babel%2fhelper-validator-option 184ms (cache revalidated)
npm http fetch GET 200 https://registry.npmjs.org/@jridgewell%2ftrace-mapping 188ms (cache revalidated)
npm http fetch GET 200 https://registry.npmjs.org/jsesc 194ms (cache revalidated)
npm http fetch GET 200 https://registry.npmjs.org/lru-cache 195ms (cache revalidated)
npm http fetch GET 200 https://registry.npmjs.org/@babel%2fhelper-globals 200ms (cache revalidated)
npm http fetch GET 200 https://registry.npmjs.org/@jridgewell%2ftrace-mapping 209ms (cache revalidated)
npm http fetch GET 200 https://registry.npmjs.org/ms 127ms (cache revalidated)
npm http fetch GET 200 https://registry.npmjs.org/@jridgewell%2fgen-mapping 717ms (cache revalidated)
npm http fetch GET 200 https://registry.npmjs.org/@jridgewell%2fsourcemap-codec 185ms (cache revalidated)
npm http fetch GET 200 https://registry.npmjs.org/@jridgewell%2fsourcemap-codec 192ms (cache revalidated)
npm http fetch GET 200 https://registry.npmjs.org/@jridgewell%2fresolve-uri 344ms (cache revalidated)
npm http cache https://registry.npmjs.org/caniuse-lite 17ms (cache hit)
npm http fetch GET 200 https://registry.npmjs.org/yallist 180ms (cache revalidated)
npm http fetch GET 200 https://registry.npmjs.org/baseline-browser-mapping 183ms (cache revalidated)
npm http fetch GET 200 https://registry.npmjs.org/electron-to-chromium 193ms (cache revalidated)
npm http fetch GET 200 https://registry.npmjs.org/node-releases 215ms (cache revalidated)
npm http fetch GET 200 https://registry.npmjs.org/update-browserslist-db 463ms (cache revalidated)
npm http fetch GET 200 https://registry.npmjs.org/glob 143ms (cache revalidated)
npm http fetch GET 200 https://registry.npmjs.org/make-dir 152ms (cache revalidated)
npm http fetch GET 200 https://registry.npmjs.org/html-escaper 160ms (cache revalidated)
npm http fetch GET 200 https://registry.npmjs.org/@istanbuljs%2fschema 863ms (cache revalidated)
npm http fetch GET 200 https://registry.npmjs.org/estree-walker 194ms (cache revalidated)
npm http fetch GET 200 https://registry.npmjs.org/diff-sequences 235ms (cache revalidated)
npm http fetch GET 200 https://registry.npmjs.org/@nodelib%2ffs.stat 244ms (cache revalidated)
npm http fetch GET 200 https://registry.npmjs.org/loupe 455ms (cache revalidated)
npm http fetch GET 200 https://registry.npmjs.org/totalist 457ms (cache revalidated)
npm http fetch GET 200 https://registry.npmjs.org/merge2 460ms (cache revalidated)
npm http fetch GET 200 https://registry.npmjs.org/@polka%2furl 944ms (cache revalidated)
npm http fetch GET 200 https://registry.npmjs.org/mrmime 976ms (cache revalidated)
npm http cache https://registry.npmjs.org/react-is 18ms (cache hit)
npm http fetch GET 200 https://registry.npmjs.org/@jest%2fschemas 195ms (cache revalidated)
npm http fetch GET 200 https://registry.npmjs.org/@types%2festree 198ms (cache revalidated)
npm http fetch GET 200 https://registry.npmjs.org/get-func-name 1555ms (cache revalidated)
npm http fetch GET 200 https://registry.npmjs.org/es-set-tostringtag 156ms (cache revalidated)
npm http fetch GET 200 https://registry.npmjs.org/asynckit 175ms (cache revalidated)
npm http fetch GET 200 https://registry.npmjs.org/mime-types 202ms (cache revalidated)
npm http fetch GET 200 https://registry.npmjs.org/combined-stream 1026ms (cache revalidated)
npm http fetch GET 200 https://registry.npmjs.org/escalade 130ms (cache revalidated)
npm http fetch GET 200 https://registry.npmjs.org/has-flag 152ms (cache revalidated)
npm http fetch GET 200 https://registry.npmjs.org/color-convert 1431ms (cache revalidated)
npm http fetch GET 200 https://registry.npmjs.org/color-name 121ms (cache revalidated)
npm http fetch GET 200 https://registry.npmjs.org/qs 167ms (cache revalidated)
npm http fetch GET 200 https://registry.npmjs.org/is-typedarray 172ms (cache revalidated)
npm http fetch GET 200 https://registry.npmjs.org/aws-sign2 466ms (cache revalidated)
npm http fetch GET 200 https://registry.npmjs.org/forever-agent 499ms (cache revalidated)
npm http fetch GET 200 https://registry.npmjs.org/extend 501ms (cache revalidated)
npm http fetch GET 200 https://registry.npmjs.org/json-stringify-safe 512ms (cache revalidated)
npm http fetch GET 200 https://registry.npmjs.org/caseless 536ms (cache revalidated)
npm http fetch GET 200 https://registry.npmjs.org/aws4 537ms (cache revalidated)
npm http fetch GET 200 https://registry.npmjs.org/tough-cookie 426ms (cache revalidated)
npm http fetch GET 200 https://registry.npmjs.org/safe-buffer 443ms (cache revalidated)
npm http fetch GET 200 https://registry.npmjs.org/tunnel-agent 183ms (cache revalidated)
npm http fetch GET 200 https://registry.npmjs.org/uuid 159ms (cache revalidated)
npm http fetch GET 200 https://registry.npmjs.org/base64-js 153ms (cache revalidated)
npm http fetch GET 200 https://registry.npmjs.org/string-width 129ms (cache revalidated)
npm http fetch GET 200 https://registry.npmjs.org/ieee754 208ms (cache revalidated)
npm http fetch GET 200 https://registry.npmjs.org/ansi-colors 149ms (cache revalidated)
npm http fetch GET 200 https://registry.npmjs.org/is-stream 168ms (cache revalidated)
npm http fetch GET 200 https://registry.npmjs.org/onetime 173ms (cache revalidated)
npm http fetch GET 200 https://registry.npmjs.org/signal-exit 200ms (cache revalidated)
npm http fetch GET 200 https://registry.npmjs.org/npm-run-path 152ms (cache revalidated)
npm http fetch GET 200 https://registry.npmjs.org/human-signals 176ms (cache revalidated)
npm http fetch GET 200 https://registry.npmjs.org/lodash.once 513ms (cache revalidated)
npm http fetch GET 200 https://registry.npmjs.org/performance-now 1060ms (cache revalidated)
npm http fetch GET 200 https://registry.npmjs.org/restore-cursor 530ms (cache revalidated)
npm http fetch GET 200 https://registry.npmjs.org/isstream 1077ms (cache revalidated)
npm http fetch GET 200 https://registry.npmjs.org/strip-final-newline 188ms (cache revalidated)
npm http fetch GET 200 https://registry.npmjs.org/pify 155ms (cache revalidated)
npm http fetch GET 200 https://registry.npmjs.org/get-stream 159ms (cache revalidated)
npm http fetch GET 200 https://registry.npmjs.org/jsonfile 119ms (cache revalidated)
npm http fetch GET 200 https://registry.npmjs.org/@types%2fyauzl 187ms (cache revalidated)
npm http fetch GET 200 https://registry.npmjs.org/graceful-fs 141ms (cache revalidated)
npm http fetch GET 200 https://registry.npmjs.org/async 152ms (cache revalidated)
npm http fetch GET 200 https://registry.npmjs.org/at-least-node 182ms (cache revalidated)
npm http fetch GET 200 https://registry.npmjs.org/global-dirs 143ms (cache revalidated)
npm http fetch GET 200 https://registry.npmjs.org/universalify 321ms (cache revalidated)
npm http fetch GET 200 https://registry.npmjs.org/p-map 198ms (cache revalidated)
npm http fetch GET 200 https://registry.npmjs.org/wrap-ansi 144ms (cache revalidated)
npm http fetch GET 200 https://registry.npmjs.org/through 167ms (cache revalidated)
npm http fetch GET 200 https://registry.npmjs.org/rfdc 422ms (cache revalidated)
npm http fetch GET 200 https://registry.npmjs.org/is-unicode-supported 200ms (cache revalidated)
npm http fetch GET 200 https://registry.npmjs.org/rxjs 477ms (cache revalidated)
npm http fetch GET 200 https://registry.npmjs.org/get-stream 1021ms (cache revalidated)
npm http fetch GET 200 https://registry.npmjs.org/buffer-crc32 167ms (cache revalidated)
npm http fetch GET 200 https://registry.npmjs.org/@colors%2fcolors 1222ms (cache revalidated)
npm http fetch GET 200 https://registry.npmjs.org/colorette 521ms (cache revalidated)
npm http fetch GET 200 https://registry.npmjs.org/throttleit 473ms (cache revalidated)
npm http fetch GET 200 https://registry.npmjs.org/fd-slicer 426ms (cache revalidated)
npm http fetch GET 200 https://registry.npmjs.org/log-update 1090ms (cache revalidated)
npm http fetch GET 200 https://registry.npmjs.org/cli-truncate 1450ms (cache revalidated)
npm http fetch GET 200 https://registry.npmjs.org/merge-stream 2999ms (cache revalidated)
npm http fetch GET 200 https://registry.npmjs.org/http-signature 10598ms (cache revalidated)
npm http fetch GET 200 https://registry.npmjs.org/mime-db 140ms (cache revalidated)
npm http fetch GET 200 https://registry.npmjs.org/tldts 167ms (cache revalidated)
npm http fetch GET 200 https://registry.npmjs.org/jsprim 440ms (cache revalidated)
npm http fetch GET 200 https://registry.npmjs.org/assert-plus 469ms (cache revalidated)
npm http fetch GET 200 https://registry.npmjs.org/sshpk 539ms (cache revalidated)
npm http fetch GET 200 https://registry.npmjs.org/side-channel 563ms (cache revalidated)
npm http fetch GET 200 https://registry.npmjs.org/delayed-stream 859ms (cache revalidated)
npm http fetch GET 200 https://registry.npmjs.org/is-fullwidth-code-point 169ms (cache revalidated)
npm http fetch GET 200 https://registry.npmjs.org/emoji-regex 1291ms (cache revalidated)
npm http fetch GET 200 https://registry.npmjs.org/path-key 137ms (cache revalidated)
npm http fetch GET 200 https://registry.npmjs.org/uri-js 159ms (cache revalidated)
npm http fetch GET 200 https://registry.npmjs.org/fast-json-stable-stringify 184ms (cache revalidated)
npm http fetch GET 200 https://registry.npmjs.org/json-schema-traverse 191ms (cache revalidated)
npm http fetch GET 200 https://registry.npmjs.org/which 225ms (cache revalidated)
npm http fetch GET 200 https://registry.npmjs.org/esrecurse 155ms (cache revalidated)
npm http fetch GET 200 https://registry.npmjs.org/acorn 159ms (cache revalidated)
npm http fetch GET 200 https://registry.npmjs.org/flat-cache 175ms (cache revalidated)
npm http fetch GET 200 https://registry.npmjs.org/@humanwhocodes%2fobject-schema 404ms (cache revalidated)
npm http fetch GET 200 https://registry.npmjs.org/path-exists 138ms (cache revalidated)
npm http fetch GET 200 https://registry.npmjs.org/type-fest 150ms (cache revalidated)
npm http fetch GET 200 https://registry.npmjs.org/prelude-ls 122ms (cache revalidated)
npm http fetch GET 200 https://registry.npmjs.org/argparse 186ms (cache revalidated)
npm http fetch GET 200 https://registry.npmjs.org/type-check 166ms (cache revalidated)
npm http fetch GET 200 https://registry.npmjs.org/acorn-jsx 462ms (cache revalidated)
npm http fetch GET 200 https://registry.npmjs.org/import-fresh 654ms (cache revalidated)
npm http fetch GET 200 https://registry.npmjs.org/shebang-command 664ms (cache revalidated)
npm http fetch GET 200 https://registry.npmjs.org/locate-path 451ms (cache revalidated)
npm http fetch GET 200 https://registry.npmjs.org/brace-expansion 158ms (cache revalidated)
npm http fetch GET 200 https://registry.npmjs.org/deep-is 191ms (cache revalidated)
npm http fetch GET 200 https://registry.npmjs.org/word-wrap 162ms (cache revalidated)
npm http fetch GET 200 https://registry.npmjs.org/fast-levenshtein 189ms (cache revalidated)
npm http fetch GET 200 https://registry.npmjs.org/is-extglob 515ms (cache revalidated)
npm http fetch GET 200 https://registry.npmjs.org/@nodelib%2ffs.scandir 952ms (cache revalidated)
npm http fetch GET 200 https://registry.npmjs.org/fastq 1078ms (cache revalidated)
npm http fetch GET 200 https://registry.npmjs.org/strip-json-comments 11597ms (cache revalidated)
npm http fetch GET 200 https://registry.npmjs.org/parent-module 206ms (cache revalidated)
npm http fetch GET 200 https://registry.npmjs.org/resolve-from 225ms (cache revalidated)
npm http fetch GET 200 https://registry.npmjs.org/run-parallel 420ms (cache revalidated)
npm http fetch GET 200 https://registry.npmjs.org/reusify 737ms (cache revalidated)
npm http fetch GET 200 https://registry.npmjs.org/queue-microtask 480ms (cache revalidated)
npm http fetch GET 200 https://registry.npmjs.org/punycode 498ms (cache revalidated)
npm http fetch GET 200 https://registry.npmjs.org/isexe 157ms (cache revalidated)
npm http fetch GET 200 https://registry.npmjs.org/shebang-regex 236ms (cache revalidated)
npm http fetch GET 200 https://registry.npmjs.org/es-object-atoms 148ms (cache revalidated)
npm http fetch GET 200 https://registry.npmjs.org/math-intrinsics 150ms (cache revalidated)
npm http fetch GET 200 https://registry.npmjs.org/es-abstract 154ms (cache revalidated)
npm http fetch GET 200 https://registry.npmjs.org/define-properties 167ms (cache revalidated)
npm http fetch GET 200 https://registry.npmjs.org/call-bound 172ms (cache revalidated)
npm http fetch GET 200 https://registry.npmjs.org/define-properties 196ms (cache revalidated)
npm http fetch GET 200 https://registry.npmjs.org/es-abstract 216ms (cache revalidated)
npm http fetch GET 200 https://registry.npmjs.org/es-errors 161ms (cache revalidated)
npm http fetch GET 200 https://registry.npmjs.org/es-shim-unscopables 163ms (cache revalidated)
npm http fetch GET 200 https://registry.npmjs.org/es-shim-unscopables 178ms (cache revalidated)
npm http fetch GET 200 https://registry.npmjs.org/function-bind 148ms (cache revalidated)
npm http fetch GET 200 https://registry.npmjs.org/get-intrinsic 470ms (cache revalidated)
npm http fetch GET 200 https://registry.npmjs.org/is-string 481ms (cache revalidated)
npm http fetch GET 200 https://registry.npmjs.org/call-bind 349ms (cache revalidated)
npm http fetch GET 200 https://registry.npmjs.org/call-bind 526ms (cache revalidated)
npm http fetch GET 200 https://registry.npmjs.org/call-bind 526ms (cache revalidated)
npm http fetch GET 200 https://registry.npmjs.org/get-intrinsic 142ms (cache revalidated)
npm http fetch GET 200 https://registry.npmjs.org/call-bind 430ms (cache revalidated)
npm http fetch GET 200 https://registry.npmjs.org/call-bind 306ms (cache revalidated)
npm http fetch GET 200 https://registry.npmjs.org/gopd 182ms (cache revalidated)
npm http fetch GET 200 https://registry.npmjs.org/has-proto 151ms (cache revalidated)
npm http fetch GET 200 https://registry.npmjs.org/has-property-descriptors 204ms (cache revalidated)
npm http cache https://registry.npmjs.org/react-is 13ms (cache hit)
npm http fetch GET 200 https://registry.npmjs.org/internal-slot 219ms (cache revalidated)
npm http fetch GET 200 https://registry.npmjs.org/safe-array-concat 161ms (cache revalidated)
npm http fetch GET 200 https://registry.npmjs.org/has-symbols 226ms (cache revalidated)
npm http fetch GET 200 https://registry.npmjs.org/iterator.prototype 217ms (cache revalidated)
npm http fetch GET 200 https://registry.npmjs.org/object.assign 152ms (cache revalidated)
npm http fetch GET 200 https://registry.npmjs.org/object-assign 170ms (cache revalidated)
npm http fetch GET 200 https://registry.npmjs.org/path-parse 164ms (cache revalidated)
npm http fetch GET 200 https://registry.npmjs.org/regexp.prototype.flags 185ms (cache revalidated)
npm http fetch GET 200 https://registry.npmjs.org/is-core-module 200ms (cache revalidated)
npm http fetch GET 200 https://registry.npmjs.org/supports-preserve-symlinks-flag 215ms (cache revalidated)
npm http fetch GET 200 https://registry.npmjs.org/es-shim-unscopables 857ms (cache revalidated)
npm http fetch GET 200 https://registry.npmjs.org/array.prototype.flat 473ms (cache revalidated)
npm http fetch GET 200 https://registry.npmjs.org/globalthis 700ms (cache revalidated)
npm http fetch GET 200 https://registry.npmjs.org/set-function-name 460ms (cache revalidated)
npm http fetch GET 200 https://registry.npmjs.org/es-errors 1086ms (cache revalidated)
npm http fetch GET 200 https://registry.npmjs.org/object-keys 146ms (cache revalidated)
npm http fetch GET 200 https://registry.npmjs.org/data-view-byte-length 150ms (cache revalidated)
npm http fetch GET 200 https://registry.npmjs.org/available-typed-arrays 167ms (cache revalidated)
npm http fetch GET 200 https://registry.npmjs.org/call-bind-apply-helpers 174ms (cache revalidated)
npm http fetch GET 200 https://registry.npmjs.org/array-buffer-byte-length 182ms (cache revalidated)
npm http fetch GET 200 https://registry.npmjs.org/arraybuffer.prototype.slice 187ms (cache revalidated)
npm http fetch GET 200 https://registry.npmjs.org/data-view-byte-offset 136ms (cache revalidated)
npm http fetch GET 200 https://registry.npmjs.org/get-proto 201ms (cache revalidated)
npm http fetch GET 200 https://registry.npmjs.org/function.prototype.name 213ms (cache revalidated)
npm http fetch GET 200 https://registry.npmjs.org/is-array-buffer 154ms (cache revalidated)
npm http fetch GET 200 https://registry.npmjs.org/data-view-buffer 462ms (cache revalidated)
npm http fetch GET 200 https://registry.npmjs.org/set-function-length 477ms (cache revalidated)
npm http fetch GET 200 https://registry.npmjs.org/define-data-property 480ms (cache revalidated)
npm http fetch GET 200 https://registry.npmjs.org/call-bind-apply-helpers 524ms (cache revalidated)
npm http fetch GET 200 https://registry.npmjs.org/is-callable 170ms (cache revalidated)
npm http fetch GET 200 https://registry.npmjs.org/is-shared-array-buffer 149ms (cache revalidated)
npm http fetch GET 200 https://registry.npmjs.org/es-to-primitive 463ms (cache revalidated)
npm http fetch GET 200 https://registry.npmjs.org/get-symbol-description 472ms (cache revalidated)
npm http fetch GET 200 https://registry.npmjs.org/is-weakref 155ms (cache revalidated)
npm http fetch GET 200 https://registry.npmjs.org/object-inspect 139ms (cache revalidated)
npm http fetch GET 200 https://registry.npmjs.org/es-define-property 706ms (cache revalidated)
npm http fetch GET 200 https://registry.npmjs.org/safe-push-apply 202ms (cache revalidated)
npm http fetch GET 200 https://registry.npmjs.org/is-data-view 502ms (cache revalidated)
npm http fetch GET 200 https://registry.npmjs.org/is-negative-zero 451ms (cache revalidated)
npm http fetch GET 200 https://registry.npmjs.org/is-regex 446ms (cache revalidated)
npm http fetch GET 200 https://registry.npmjs.org/is-set 474ms (cache revalidated)
npm http fetch GET 200 https://registry.npmjs.org/string.prototype.trim 211ms (cache revalidated)
npm http fetch GET 200 https://registry.npmjs.org/typed-array-buffer 169ms (cache revalidated)
npm http fetch GET 200 https://registry.npmjs.org/string.prototype.trimend 192ms (cache revalidated)
npm http fetch GET 200 https://registry.npmjs.org/string.prototype.trimstart 192ms (cache revalidated)
npm http fetch GET 200 https://registry.npmjs.org/typed-array-byte-length 193ms (cache revalidated)
npm http fetch GET 200 https://registry.npmjs.org/typed-array-length 138ms (cache revalidated)
npm http fetch GET 200 https://registry.npmjs.org/typed-array-byte-offset 154ms (cache revalidated)
npm http fetch GET 200 https://registry.npmjs.org/set-proto 501ms (cache revalidated)
npm http fetch GET 200 https://registry.npmjs.org/has-tostringtag 151ms (cache revalidated)
npm http fetch GET 200 https://registry.npmjs.org/which-typed-array 470ms (cache revalidated)
npm http fetch GET 200 https://registry.npmjs.org/own-keys 1045ms (cache revalidated)
npm http fetch GET 200 https://registry.npmjs.org/is-typed-array 1195ms (cache revalidated)
npm http fetch GET 200 https://registry.npmjs.org/safe-regex-test 1113ms (cache revalidated)
npm http fetch GET 200 https://registry.npmjs.org/stop-iteration-iterator 993ms (cache revalidated)
npm http fetch GET 200 https://registry.npmjs.org/unbox-primitive 1028ms (cache revalidated)
npm http fetch GET 200 https://registry.npmjs.org/es-define-property 3010ms (cache revalidated)
npm http fetch GET 200 https://registry.npmjs.org/is-symbol 155ms (cache revalidated)
npm http fetch GET 200 https://registry.npmjs.org/for-each 160ms (cache revalidated)
npm http fetch GET 200 https://registry.npmjs.org/possible-typed-array-names 179ms (cache revalidated)
npm http fetch GET 200 https://registry.npmjs.org/isarray 176ms (cache revalidated)
npm http fetch GET 200 https://registry.npmjs.org/isarray 177ms (cache revalidated)
npm http fetch GET 200 https://registry.npmjs.org/dunder-proto 184ms (cache revalidated)
npm http fetch GET 200 https://registry.npmjs.org/for-each 189ms (cache revalidated)
npm http fetch GET 200 https://registry.npmjs.org/reflect.getprototypeof 146ms (cache revalidated)
npm http fetch GET 200 https://registry.npmjs.org/which-boxed-primitive 157ms (cache revalidated)
npm http fetch GET 200 https://registry.npmjs.org/has-bigints 163ms (cache revalidated)
npm http fetch GET 200 https://registry.npmjs.org/functions-have-names 514ms (cache revalidated)
npm http fetch GET 200 https://registry.npmjs.org/dunder-proto 516ms (cache revalidated)
npm http fetch GET 200 https://registry.npmjs.org/is-date-object 537ms (cache revalidated)
npm http fetch GET 200 https://registry.npmjs.org/dunder-proto 543ms (cache revalidated)
npm http fetch GET 200 https://registry.npmjs.org/possible-typed-array-names 742ms (cache revalidated)
npm http fetch GET 200 https://registry.npmjs.org/reflect.getprototypeof 850ms (cache revalidated)
npm http fetch GET 200 https://registry.npmjs.org/mimic-fn 179ms (cache revalidated)
npm http fetch GET 200 https://registry.npmjs.org/pump 532ms (cache revalidated)
npm http fetch GET 200 https://registry.npmjs.org/@types%2fnode 466ms (cache revalidated)
npm http fetch GET 200 https://registry.npmjs.org/undici-types 170ms (cache revalidated)
npm http fetch GET 200 https://registry.npmjs.org/braces 167ms (cache revalidated)
npm http fetch GET 200 https://registry.npmjs.org/picomatch 207ms (cache revalidated)
npm http fetch GET 200 https://registry.npmjs.org/keyv 148ms (cache revalidated)
npm http fetch GET 200 https://registry.npmjs.org/rimraf 151ms (cache revalidated)
npm http fetch GET 200 https://registry.npmjs.org/p-locate 512ms (cache revalidated)
npm http fetch GET 200 https://registry.npmjs.org/json-buffer 134ms (cache revalidated)
npm http fetch GET 200 https://registry.npmjs.org/once 148ms (cache revalidated)
npm http fetch GET 200 https://registry.npmjs.org/end-of-stream 159ms (cache revalidated)
npm http fetch GET 200 https://registry.npmjs.org/safer-buffer 190ms (cache revalidated)
npm http fetch GET 200 https://registry.npmjs.org/extsprintf 434ms (cache revalidated)
npm http fetch GET 200 https://registry.npmjs.org/json-schema 477ms (cache revalidated)
npm http fetch GET 200 https://registry.npmjs.org/bcrypt-pbkdf 479ms (cache revalidated)
npm http fetch GET 200 https://registry.npmjs.org/jsbn 482ms (cache revalidated)
npm http fetch GET 200 https://registry.npmjs.org/dashdash 488ms (cache revalidated)
npm http fetch GET 200 https://registry.npmjs.org/tweetnacl 490ms (cache revalidated)
npm http fetch GET 200 https://registry.npmjs.org/verror 506ms (cache revalidated)
npm http fetch GET 200 https://registry.npmjs.org/asn1 531ms (cache revalidated)
npm http fetch GET 200 https://registry.npmjs.org/ecc-jsbn 778ms (cache revalidated)
npm http fetch GET 200 https://registry.npmjs.org/getpass 1406ms (cache revalidated)
npm http fetch GET 200 https://registry.npmjs.org/callsites 203ms (cache revalidated)
npm http fetch GET 200 https://registry.npmjs.org/side-channel-weakmap 130ms (cache revalidated)
npm http fetch GET 200 https://registry.npmjs.org/side-channel-list 166ms (cache revalidated)
npm http fetch GET 200 https://registry.npmjs.org/side-channel-map 175ms (cache revalidated)
npm http fetch GET 200 https://registry.npmjs.org/ini 177ms (cache revalidated)
npm http fetch GET 200 https://registry.npmjs.org/core-util-is 151ms (cache revalidated)
npm http fetch GET 200 https://registry.npmjs.org/aggregate-error 193ms (cache revalidated)
npm http fetch GET 200 https://registry.npmjs.org/slice-ansi 195ms (cache revalidated)
npm http fetch GET 200 https://registry.npmjs.org/tslib 196ms (cache revalidated)
npm http fetch GET 200 https://registry.npmjs.org/ansi-escapes 200ms (cache revalidated)
npm http fetch GET 200 https://registry.npmjs.org/slice-ansi 755ms (cache revalidated)
npm http fetch GET 200 https://registry.npmjs.org/astral-regex 162ms (cache revalidated)
npm http fetch GET 200 https://registry.npmjs.org/p-limit 452ms (cache revalidated)
npm http fetch GET 200 https://registry.npmjs.org/fill-range 181ms (cache revalidated)
npm http fetch GET 200 https://registry.npmjs.org/to-regex-range 392ms (cache revalidated)
npm http fetch GET 200 https://registry.npmjs.org/is-number 151ms (cache revalidated)
npm http fetch GET 200 https://registry.npmjs.org/concat-map 149ms (cache revalidated)
npm http fetch GET 200 https://registry.npmjs.org/balanced-match 189ms (cache revalidated)
npm http fetch GET 200 https://registry.npmjs.org/yocto-queue 157ms (cache revalidated)
npm http fetch GET 200 https://registry.npmjs.org/clean-stack 190ms (cache revalidated)
npm http fetch GET 200 https://registry.npmjs.org/wrappy 522ms (cache revalidated)
npm http fetch GET 200 https://registry.npmjs.org/min-indent 872ms (cache revalidated)
npm http fetch GET 200 https://registry.npmjs.org/inflight 136ms (cache revalidated)
npm http fetch GET 200 https://registry.npmjs.org/inherits 153ms (cache revalidated)
npm http fetch GET 200 https://registry.npmjs.org/fs.realpath 157ms (cache revalidated)
npm http fetch GET 200 https://registry.npmjs.org/path-is-absolute 446ms (cache revalidated)
npm http fetch GET 200 https://registry.npmjs.org/pirates 165ms (cache revalidated)
npm http fetch GET 200 https://registry.npmjs.org/mz 172ms (cache revalidated)
npm http fetch GET 200 https://registry.npmjs.org/is-binary-path 184ms (cache revalidated)
npm http fetch GET 200 https://registry.npmjs.org/readdirp 189ms (cache revalidated)
npm http fetch GET 200 https://registry.npmjs.org/tinyglobby 185ms (cache revalidated)
npm http fetch GET 200 https://registry.npmjs.org/cssesc 194ms (cache revalidated)
npm http fetch GET 200 https://registry.npmjs.org/read-cache 198ms (cache revalidated)
npm http fetch GET 200 https://registry.npmjs.org/lines-and-columns 198ms (cache revalidated)
npm http fetch GET 200 https://registry.npmjs.org/ts-interface-checker 157ms (cache revalidated)
npm http fetch GET 200 https://registry.npmjs.org/anymatch 759ms (cache revalidated)
npm http fetch GET 200 https://registry.npmjs.org/camelcase-css 1112ms (cache revalidated)
npm http fetch GET 200 https://registry.npmjs.org/util-deprecate 2069ms (cache revalidated)
npm http fetch GET 200 https://registry.npmjs.org/binary-extensions 599ms (cache revalidated)
npm http fetch GET 200 https://registry.npmjs.org/any-promise 168ms (cache revalidated)
npm http fetch GET 200 https://registry.npmjs.org/fdir 495ms (cache revalidated)
npm http fetch GET 200 https://registry.npmjs.org/thenify-all 537ms (cache revalidated)
npm http fetch GET 200 https://registry.npmjs.org/thenify 512ms (cache revalidated)
npm http fetch GET 200 https://registry.npmjs.org/tldts-core 156ms (cache revalidated)
npm http fetch GET 200 https://registry.npmjs.org/which-builtin-type 439ms (cache revalidated)
npm http fetch GET 200 https://registry.npmjs.org/is-async-function 174ms (cache revalidated)
npm http fetch GET 200 https://registry.npmjs.org/is-generator-function 210ms (cache revalidated)
npm http fetch GET 200 https://registry.npmjs.org/is-finalizationregistry 498ms (cache revalidated)
npm http fetch GET 200 https://registry.npmjs.org/which-collection 3186ms (cache revalidated)
npm http fetch GET 200 https://registry.npmjs.org/is-number-object 1052ms (cache revalidated)
npm http fetch GET 200 https://registry.npmjs.org/is-boolean-object 1058ms (cache revalidated)
npm http fetch GET 200 https://registry.npmjs.org/is-bigint 1240ms (cache revalidated)
npm http fetch GET 200 https://registry.npmjs.org/@esbuild%2faix-ppc64 388ms (cache revalidated)
npm http fetch GET 200 https://registry.npmjs.org/@esbuild%2fandroid-arm 397ms (cache revalidated)
npm http fetch GET 200 https://registry.npmjs.org/@esbuild%2fdarwin-x64 404ms (cache revalidated)
npm http fetch GET 200 https://registry.npmjs.org/@esbuild%2fandroid-x64 406ms (cache revalidated)
npm http fetch GET 200 https://registry.npmjs.org/@esbuild%2fsunos-x64 471ms (cache revalidated)
npm http fetch GET 200 https://registry.npmjs.org/@esbuild%2flinux-ppc64 160ms (cache revalidated)
npm http fetch GET 200 https://registry.npmjs.org/@esbuild%2fwin32-x64 630ms (cache revalidated)
npm http fetch GET 200 https://registry.npmjs.org/@esbuild%2flinux-ia32 673ms (cache revalidated)
npm http fetch GET 200 https://registry.npmjs.org/@esbuild%2fwin32-ia32 687ms (cache revalidated)
npm http fetch GET 200 https://registry.npmjs.org/@esbuild%2flinux-arm64 361ms (cache revalidated)
npm http fetch GET 200 https://registry.npmjs.org/@esbuild%2ffreebsd-x64 447ms (cache revalidated)
npm http fetch GET 200 https://registry.npmjs.org/@esbuild%2fopenbsd-x64 373ms (cache revalidated)
npm http fetch GET 200 https://registry.npmjs.org/@esbuild%2fdarwin-arm64 340ms (cache revalidated)
npm http fetch GET 200 https://registry.npmjs.org/@esbuild%2flinux-arm 1025ms (cache revalidated)
npm http fetch GET 200 https://registry.npmjs.org/@esbuild%2fnetbsd-x64 1046ms (cache revalidated)
npm http fetch GET 200 https://registry.npmjs.org/@esbuild%2ffreebsd-arm64 373ms (cache revalidated)
npm http fetch GET 200 https://registry.npmjs.org/@esbuild%2fandroid-arm64 415ms (cache revalidated)
npm http fetch GET 200 https://registry.npmjs.org/@esbuild%2flinux-s390x 699ms (cache revalidated)
npm http fetch GET 200 https://registry.npmjs.org/@esbuild%2flinux-loong64 362ms (cache revalidated)
npm http fetch GET 200 https://registry.npmjs.org/@esbuild%2fwin32-arm64 624ms (cache revalidated)
npm http fetch GET 200 https://registry.npmjs.org/@esbuild%2flinux-riscv64 394ms (cache revalidated)
npm http fetch GET 200 https://registry.npmjs.org/@esbuild%2flinux-mips64el 423ms (cache revalidated)
npm http fetch GET 200 https://registry.npmjs.org/@rollup%2frollup-darwin-arm64 326ms (cache revalidated)
npm http fetch GET 200 https://registry.npmjs.org/@rollup%2frollup-android-arm64 345ms (cache revalidated)
npm http fetch GET 200 https://registry.npmjs.org/@rollup%2frollup-linux-arm64-gnu 346ms (cache revalidated)
npm http fetch GET 200 https://registry.npmjs.org/@rollup%2frollup-freebsd-arm64 384ms (cache revalidated)
npm http fetch GET 200 https://registry.npmjs.org/@rollup%2frollup-android-arm-eabi 366ms (cache revalidated)
npm http fetch GET 200 https://registry.npmjs.org/@rollup%2frollup-linux-arm64-musl 416ms (cache revalidated)
npm http fetch GET 200 https://registry.npmjs.org/@rollup%2frollup-linux-arm-musleabihf 408ms (cache revalidated)
npm http fetch GET 200 https://registry.npmjs.org/@rollup%2frollup-linux-riscv64-musl 360ms (cache revalidated)
npm http fetch GET 200 https://registry.npmjs.org/@rollup%2frollup-linux-riscv64-gnu 372ms (cache revalidated)
npm http fetch GET 200 https://registry.npmjs.org/@rollup%2frollup-linux-loong64-gnu 565ms (cache revalidated)
npm http fetch GET 200 https://registry.npmjs.org/@rollup%2frollup-linux-ppc64-gnu 402ms (cache revalidated)
npm http fetch GET 200 https://registry.npmjs.org/@rollup%2frollup-win32-ia32-msvc 645ms (cache revalidated)
npm http fetch GET 200 https://registry.npmjs.org/@rollup%2frollup-win32-arm64-msvc 1015ms (cache revalidated)
npm http fetch GET 200 https://registry.npmjs.org/@rollup%2frollup-linux-s390x-gnu 424ms (cache revalidated)
npm http fetch GET 200 https://registry.npmjs.org/@rollup%2frollup-linux-x64-gnu 163ms (cache revalidated)
npm http fetch GET 200 https://registry.npmjs.org/@rollup%2frollup-linux-loong64-musl 718ms (cache revalidated)
npm http fetch GET 200 https://registry.npmjs.org/@rollup%2frollup-linux-arm-gnueabihf 913ms (cache revalidated)
npm http fetch GET 200 https://registry.npmjs.org/@rollup%2frollup-win32-x64-gnu 340ms (cache revalidated)
npm http fetch GET 200 https://registry.npmjs.org/@rollup%2frollup-darwin-x64 400ms (cache revalidated)
npm http fetch GET 200 https://registry.npmjs.org/@rollup%2frollup-freebsd-x64 348ms (cache revalidated)
npm http fetch GET 200 https://registry.npmjs.org/@rollup%2frollup-linux-ppc64-musl 774ms (cache revalidated)
npm http fetch GET 200 https://registry.npmjs.org/@rollup%2frollup-linux-x64-musl 262ms (cache revalidated)
npm http fetch GET 200 https://registry.npmjs.org/@rollup%2frollup-openharmony-arm64 361ms (cache revalidated)
npm http fetch GET 200 https://registry.npmjs.org/@rollup%2frollup-openbsd-x64 378ms (cache revalidated)
npm http fetch GET 200 https://registry.npmjs.org/@rollup%2frollup-win32-x64-msvc 642ms (cache revalidated)
npm http fetch GET 200 https://registry.npmjs.org/@esbuild%2flinux-x64 5719ms (cache revalidated)
npm http fetch GET 200 https://registry.npmjs.org/pkg-types 182ms (cache revalidated)
npm http fetch GET 200 https://registry.npmjs.org/deep-eql 191ms (cache revalidated)
npm http fetch GET 200 https://registry.npmjs.org/type-detect 196ms (cache revalidated)
npm http fetch GET 200 https://registry.npmjs.org/pathval 463ms (cache revalidated)
npm http fetch GET 200 https://registry.npmjs.org/cac 482ms (cache revalidated)
npm http fetch GET 200 https://registry.npmjs.org/mlly 505ms (cache revalidated)
npm http fetch GET 200 https://registry.npmjs.org/assertion-error 555ms (cache revalidated)
npm http fetch GET 200 https://registry.npmjs.org/check-error 561ms (cache revalidated)
npm http fetch GET 200 https://registry.npmjs.org/tinyspy 848ms (cache revalidated)
npm http fetch GET 200 https://registry.npmjs.org/stackback 913ms (cache revalidated)
npm http fetch GET 200 https://registry.npmjs.org/siginfo 984ms (cache revalidated)
npm http fetch GET 200 https://registry.npmjs.org/confbox 188ms (cache revalidated)
npm http fetch GET 200 https://registry.npmjs.org/ufo 478ms (cache revalidated)
npm http fetch GET 200 https://registry.npmjs.org/async-function 167ms (cache revalidated)
npm http fetch GET 200 https://registry.npmjs.org/generator-function 167ms (cache revalidated)
npm http fetch GET 200 https://registry.npmjs.org/is-weakmap 200ms (cache revalidated)
npm http fetch GET 200 https://registry.npmjs.org/is-weakset 533ms (cache revalidated)
npm http fetch GET 200 https://registry.npmjs.org/is-map 1092ms (cache revalidated)
npm http fetch GET 200 https://registry.npmjs.org/pend 154ms (cache revalidated)
npm http fetch GET 200 https://registry.npmjs.org/is-arguments 459ms (cache revalidated)
npm http fetch GET 200 https://registry.npmjs.org/object-is 666ms (cache revalidated)
npm http fetch GET 200 https://registry.npmjs.org/es-get-iterator 10967ms (cache revalidated)
npm http fetch GET 200 https://registry.npmjs.org/@sinclair%2ftypebox 240ms (cache revalidated)
npm http cache @sinclair/typebox@https://registry.npmjs.org/@sinclair/typebox/-/typebox-0.27.8.tgz 1ms (cache hit)
npm http cache @jest/schemas@https://registry.npmjs.org/@jest/schemas/-/schemas-29.6.3.tgz 0ms (cache hit)
npm http cache object-is@https://registry.npmjs.org/object-is/-/object-is-1.1.6.tgz 0ms (cache hit)
npm http cache es-get-iterator@https://registry.npmjs.org/es-get-iterator/-/es-get-iterator-1.1.3.tgz 0ms (cache hit)
npm http cache is-arguments@https://registry.npmjs.org/is-arguments/-/is-arguments-1.2.0.tgz 0ms (cache hit)
npm http cache pend@https://registry.npmjs.org/pend/-/pend-1.2.0.tgz 0ms (cache hit)
npm http cache use-sync-external-store@https://registry.npmjs.org/use-sync-external-store/-/use-sync-external-store-1.6.0.tgz 0ms (cache hit)
npm http cache deep-equal@https://registry.npmjs.org/deep-equal/-/deep-equal-2.2.3.tgz 0ms (cache hit)
npm http cache fd-slicer@https://registry.npmjs.org/fd-slicer/-/fd-slicer-1.1.0.tgz 0ms (cache hit)
npm http cache stackback@https://registry.npmjs.org/stackback/-/stackback-0.0.2.tgz 0ms (cache hit)
npm http cache is-weakset@https://registry.npmjs.org/is-weakset/-/is-weakset-2.0.4.tgz 0ms (cache hit)
npm http cache buffer-crc32@https://registry.npmjs.org/buffer-crc32/-/buffer-crc32-0.2.13.tgz 0ms (cache hit)
npm http cache is-weakmap@https://registry.npmjs.org/is-weakmap/-/is-weakmap-2.0.2.tgz 0ms (cache hit)
npm http cache siginfo@https://registry.npmjs.org/siginfo/-/siginfo-2.0.0.tgz 0ms (cache hit)
npm http cache is-map@https://registry.npmjs.org/is-map/-/is-map-2.0.3.tgz 0ms (cache hit)
npm http cache generator-function@https://registry.npmjs.org/generator-function/-/generator-function-2.0.1.tgz 0ms (cache hit)
npm http cache which-collection@https://registry.npmjs.org/which-collection/-/which-collection-1.0.2.tgz 0ms (cache hit)
npm http cache async-function@https://registry.npmjs.org/async-function/-/async-function-1.0.0.tgz 0ms (cache hit)
npm http cache is-finalizationregistry@https://registry.npmjs.org/is-finalizationregistry/-/is-finalizationregistry-1.1.1.tgz 0ms (cache hit)
npm http cache is-async-function@https://registry.npmjs.org/is-async-function/-/is-async-function-2.1.1.tgz 0ms (cache hit)
npm http cache is-bigint@https://registry.npmjs.org/is-bigint/-/is-bigint-1.1.0.tgz 0ms (cache hit)
npm http cache is-generator-function@https://registry.npmjs.org/is-generator-function/-/is-generator-function-1.1.2.tgz 0ms (cache hit)
npm http cache is-boolean-object@https://registry.npmjs.org/is-boolean-object/-/is-boolean-object-1.2.2.tgz 0ms (cache hit)
npm http cache isexe@https://registry.npmjs.org/isexe/-/isexe-2.0.0.tgz 0ms (cache hit)
npm http cache is-number-object@https://registry.npmjs.org/is-number-object/-/is-number-object-1.1.1.tgz 0ms (cache hit)
npm http cache cac@https://registry.npmjs.org/cac/-/cac-6.7.14.tgz 0ms (cache hit)
npm http cache ufo@https://registry.npmjs.org/ufo/-/ufo-1.6.3.tgz 0ms (cache hit)
npm http cache confbox@https://registry.npmjs.org/confbox/-/confbox-0.1.8.tgz 0ms (cache hit)
npm http cache pkg-types@https://registry.npmjs.org/pkg-types/-/pkg-types-1.3.1.tgz 0ms (cache hit)
npm http cache type-detect@https://registry.npmjs.org/type-detect/-/type-detect-4.1.0.tgz 0ms (cache hit)
npm http cache pathval@https://registry.npmjs.org/pathval/-/pathval-1.1.1.tgz 0ms (cache hit)
npm http cache mlly@https://registry.npmjs.org/mlly/-/mlly-1.8.0.tgz 0ms (cache hit)
npm http cache check-error@https://registry.npmjs.org/check-error/-/check-error-1.0.3.tgz 0ms (cache hit)
npm http cache deep-eql@https://registry.npmjs.org/deep-eql/-/deep-eql-4.1.4.tgz 0ms (cache hit)
npm http cache assertion-error@https://registry.npmjs.org/assertion-error/-/assertion-error-1.1.0.tgz 0ms (cache hit)
npm http cache why-is-node-running@https://registry.npmjs.org/why-is-node-running/-/why-is-node-running-2.3.0.tgz 0ms (cache hit)
npm http cache tinyspy@https://registry.npmjs.org/tinyspy/-/tinyspy-2.2.1.tgz 0ms (cache hit)
npm http cache tinybench@https://registry.npmjs.org/tinybench/-/tinybench-2.9.0.tgz 0ms (cache hit)
npm http cache vite-node@https://registry.npmjs.org/vite-node/-/vite-node-1.6.1.tgz 0ms (cache hit)
npm http cache tinypool@https://registry.npmjs.org/tinypool/-/tinypool-0.8.4.tgz 0ms (cache hit)
npm http cache local-pkg@https://registry.npmjs.org/local-pkg/-/local-pkg-0.5.1.tgz 0ms (cache hit)
npm http cache chai@https://registry.npmjs.org/chai/-/chai-4.5.0.tgz 0ms (cache hit)
npm http cache acorn-walk@https://registry.npmjs.org/acorn-walk/-/acorn-walk-8.3.4.tgz 0ms (cache hit)
npm http cache @rollup/rollup-win32-x64-gnu@https://registry.npmjs.org/@rollup/rollup-win32-x64-gnu/-/rollup-win32-x64-gnu-4.55.1.tgz 0ms (cache hit)
npm http cache @rollup/rollup-win32-x64-msvc@https://registry.npmjs.org/@rollup/rollup-win32-x64-msvc/-/rollup-win32-x64-msvc-4.55.1.tgz 0ms (cache hit)
npm http cache @vitest/spy@https://registry.npmjs.org/@vitest/spy/-/spy-1.6.1.tgz 0ms (cache hit)
npm http cache @vitest/runner@https://registry.npmjs.org/@vitest/runner/-/runner-1.6.1.tgz 0ms (cache hit)
npm http cache @vitest/expect@https://registry.npmjs.org/@vitest/expect/-/expect-1.6.1.tgz 0ms (cache hit)
npm http cache @vitest/snapshot@https://registry.npmjs.org/@vitest/snapshot/-/snapshot-1.6.1.tgz 0ms (cache hit)
npm http cache @esbuild/win32-x64@https://registry.npmjs.org/@esbuild/win32-x64/-/win32-x64-0.21.5.tgz 0ms (cache hit)
npm http cache rollup@https://registry.npmjs.org/rollup/-/rollup-4.55.1.tgz 0ms (cache hit)
npm http cache which-boxed-primitive@https://registry.npmjs.org/which-boxed-primitive/-/which-boxed-primitive-1.1.1.tgz 0ms (cache hit)
npm http cache esbuild@https://registry.npmjs.org/esbuild/-/esbuild-0.21.5.tgz 0ms (cache hit)
npm http cache has-bigints@https://registry.npmjs.org/has-bigints/-/has-bigints-1.1.0.tgz 0ms (cache hit)
npm http cache core-util-is@https://registry.npmjs.org/core-util-is/-/core-util-is-1.0.2.tgz 0ms (cache hit)
npm http cache for-each@https://registry.npmjs.org/for-each/-/for-each-0.3.5.tgz 0ms (cache hit)
npm http cache escalade@https://registry.npmjs.org/escalade/-/escalade-3.2.0.tgz 0ms (cache hit)
npm http cache which-builtin-type@https://registry.npmjs.org/which-builtin-type/-/which-builtin-type-1.2.1.tgz 0ms (cache hit)
npm http cache punycode@https://registry.npmjs.org/punycode/-/punycode-2.3.1.tgz 0ms (cache hit)
npm http cache tldts@https://registry.npmjs.org/tldts/-/tldts-6.1.86.tgz 0ms (cache hit)
npm http cache @istanbuljs/schema@https://registry.npmjs.org/@istanbuljs/schema/-/schema-0.1.3.tgz 0ms (cache hit)
npm http cache tldts-core@https://registry.npmjs.org/tldts-core/-/tldts-core-6.1.86.tgz 0ms (cache hit)
npm http cache reflect.getprototypeof@https://registry.npmjs.org/reflect.getprototypeof/-/reflect.getprototypeof-1.0.10.tgz 0ms (cache hit)
npm http cache thenify@https://registry.npmjs.org/thenify/-/thenify-3.3.1.tgz 0ms (cache hit)
npm http cache is-number@https://registry.npmjs.org/is-number/-/is-number-7.0.0.tgz 0ms (cache hit)
npm http cache any-promise@https://registry.npmjs.org/any-promise/-/any-promise-1.3.0.tgz 0ms (cache hit)
npm http cache thenify-all@https://registry.npmjs.org/thenify-all/-/thenify-all-1.6.0.tgz 0ms (cache hit)
npm http cache fdir@https://registry.npmjs.org/fdir/-/fdir-6.5.0.tgz 0ms (cache hit)
npm http cache tinyglobby@https://registry.npmjs.org/tinyglobby/-/tinyglobby-0.2.15.tgz 0ms (cache hit)
npm http cache ts-interface-checker@https://registry.npmjs.org/ts-interface-checker/-/ts-interface-checker-0.1.13.tgz 0ms (cache hit)
npm http cache pirates@https://registry.npmjs.org/pirates/-/pirates-4.0.7.tgz 0ms (cache hit)
npm http cache cssesc@https://registry.npmjs.org/cssesc/-/cssesc-3.0.0.tgz 0ms (cache hit)
npm http cache lines-and-columns@https://registry.npmjs.org/lines-and-columns/-/lines-and-columns-1.2.4.tgz 0ms (cache hit)
npm http cache util-deprecate@https://registry.npmjs.org/util-deprecate/-/util-deprecate-1.0.2.tgz 0ms (cache hit)
npm http cache mz@https://registry.npmjs.org/mz/-/mz-2.7.0.tgz 0ms (cache hit)
npm http cache read-cache@https://registry.npmjs.org/read-cache/-/read-cache-1.0.0.tgz 0ms (cache hit)
npm http cache is-binary-path@https://registry.npmjs.org/is-binary-path/-/is-binary-path-2.1.0.tgz 0ms (cache hit)
npm http cache camelcase-css@https://registry.npmjs.org/camelcase-css/-/camelcase-css-2.0.1.tgz 0ms (cache hit)
npm http cache readdirp@https://registry.npmjs.org/readdirp/-/readdirp-3.6.0.tgz 0ms (cache hit)
npm http cache binary-extensions@https://registry.npmjs.org/binary-extensions/-/binary-extensions-2.3.0.tgz 0ms (cache hit)
npm http cache anymatch@https://registry.npmjs.org/anymatch/-/anymatch-3.1.3.tgz 0ms (cache hit)
npm http cache postcss-selector-parser@https://registry.npmjs.org/postcss-selector-parser/-/postcss-selector-parser-6.1.2.tgz 0ms (cache hit)
npm http cache sucrase@https://registry.npmjs.org/sucrase/-/sucrase-3.35.1.tgz 0ms (cache hit)
npm http cache postcss-js@https://registry.npmjs.org/postcss-js/-/postcss-js-4.1.0.tgz 0ms (cache hit)
npm http cache postcss-load-config@https://registry.npmjs.org/postcss-load-config/-/postcss-load-config-6.0.1.tgz 0ms (cache hit)
npm http cache postcss-nested@https://registry.npmjs.org/postcss-nested/-/postcss-nested-6.2.0.tgz 0ms (cache hit)
npm http cache postcss-import@https://registry.npmjs.org/postcss-import/-/postcss-import-15.1.0.tgz 0ms (cache hit)
npm http cache normalize-path@https://registry.npmjs.org/normalize-path/-/normalize-path-3.0.0.tgz 0ms (cache hit)
npm http cache lilconfig@https://registry.npmjs.org/lilconfig/-/lilconfig-3.1.3.tgz 0ms (cache hit)
npm http cache jiti@https://registry.npmjs.org/jiti/-/jiti-1.21.7.tgz 0ms (cache hit)
npm http cache didyoumean@https://registry.npmjs.org/didyoumean/-/didyoumean-1.2.2.tgz 0ms (cache hit)
npm http cache chokidar@https://registry.npmjs.org/chokidar/-/chokidar-3.6.0.tgz 0ms (cache hit)
npm http cache object-hash@https://registry.npmjs.org/object-hash/-/object-hash-3.0.0.tgz 0ms (cache hit)
npm http cache arg@https://registry.npmjs.org/arg/-/arg-5.0.2.tgz 1ms (cache hit)
npm http cache dlv@https://registry.npmjs.org/dlv/-/dlv-1.1.3.tgz 0ms (cache hit)
npm http cache @alloc/quick-lru@https://registry.npmjs.org/@alloc/quick-lru/-/quick-lru-5.2.0.tgz 0ms (cache hit)
npm http cache emoji-regex@https://registry.npmjs.org/emoji-regex/-/emoji-regex-8.0.0.tgz 0ms (cache hit)
npm http cache has-flag@https://registry.npmjs.org/has-flag/-/has-flag-4.0.0.tgz 0ms (cache hit)
npm http cache tweetnacl@https://registry.npmjs.org/tweetnacl/-/tweetnacl-0.14.5.tgz 0ms (cache hit)
npm http cache safer-buffer@https://registry.npmjs.org/safer-buffer/-/safer-buffer-2.1.2.tgz 0ms (cache hit)
npm http cache getpass@https://registry.npmjs.org/getpass/-/getpass-0.1.7.tgz 0ms (cache hit)
npm http cache jsbn@https://registry.npmjs.org/jsbn/-/jsbn-0.1.1.tgz 0ms (cache hit)
npm http cache min-indent@https://registry.npmjs.org/min-indent/-/min-indent-1.0.1.tgz 0ms (cache hit)
npm http cache dashdash@https://registry.npmjs.org/dashdash/-/dashdash-1.14.1.tgz 0ms (cache hit)
npm http cache ecc-jsbn@https://registry.npmjs.org/ecc-jsbn/-/ecc-jsbn-0.1.2.tgz 0ms (cache hit)
npm http cache bcrypt-pbkdf@https://registry.npmjs.org/bcrypt-pbkdf/-/bcrypt-pbkdf-1.0.2.tgz 0ms (cache hit)
npm http cache asn1@https://registry.npmjs.org/asn1/-/asn1-0.2.6.tgz 0ms (cache hit)
npm http cache @polka/url@https://registry.npmjs.org/@polka/url/-/url-1.0.0-next.29.tgz 0ms (cache hit)
npm http cache mrmime@https://registry.npmjs.org/mrmime/-/mrmime-2.0.1.tgz 0ms (cache hit)
npm http cache is-fullwidth-code-point@https://registry.npmjs.org/is-fullwidth-code-point/-/is-fullwidth-code-point-3.0.0.tgz 0ms (cache hit)
npm http cache side-channel-weakmap@https://registry.npmjs.org/side-channel-weakmap/-/side-channel-weakmap-1.0.2.tgz 0ms (cache hit)
npm http cache astral-regex@https://registry.npmjs.org/astral-regex/-/astral-regex-2.0.0.tgz 0ms (cache hit)
npm http cache totalist@https://registry.npmjs.org/totalist/-/totalist-3.0.1.tgz 0ms (cache hit)
npm http cache side-channel-map@https://registry.npmjs.org/side-channel-map/-/side-channel-map-1.0.1.tgz 0ms (cache hit)
npm http cache side-channel-list@https://registry.npmjs.org/side-channel-list/-/side-channel-list-1.0.0.tgz 0ms (cache hit)
npm http cache tslib@https://registry.npmjs.org/tslib/-/tslib-2.8.1.tgz 0ms (cache hit)
npm http cache queue-microtask@https://registry.npmjs.org/queue-microtask/-/queue-microtask-1.2.3.tgz 0ms (cache hit)
npm http cache shebang-regex@https://registry.npmjs.org/shebang-regex/-/shebang-regex-3.0.0.tgz 0ms (cache hit)
npm http cache inherits@https://registry.npmjs.org/inherits/-/inherits-2.0.4.tgz 0ms (cache hit)
npm http cache isarray@https://registry.npmjs.org/isarray/-/isarray-2.0.5.tgz 0ms (cache hit)
npm http cache inflight@https://registry.npmjs.org/inflight/-/inflight-1.0.6.tgz 0ms (cache hit)
npm http cache glob@https://registry.npmjs.org/glob/-/glob-7.2.3.tgz 0ms (cache hit)
npm http cache path-is-absolute@https://registry.npmjs.org/path-is-absolute/-/path-is-absolute-1.0.1.tgz 0ms (cache hit)
npm http cache fs.realpath@https://registry.npmjs.org/fs.realpath/-/fs.realpath-1.0.0.tgz 0ms (cache hit)
npm http cache path-parse@https://registry.npmjs.org/path-parse/-/path-parse-1.0.7.tgz 0ms (cache hit)
npm http cache supports-preserve-symlinks-flag@https://registry.npmjs.org/supports-preserve-symlinks-flag/-/supports-preserve-symlinks-flag-1.0.0.tgz 0ms (cache hit)
npm http cache throttleit@https://registry.npmjs.org/throttleit/-/throttleit-1.0.1.tgz 0ms (cache hit)
npm http cache react-router@https://registry.npmjs.org/react-router/-/react-router-6.30.3.tgz 0ms (cache hit)
npm http cache strip-indent@https://registry.npmjs.org/strip-indent/-/strip-indent-3.0.0.tgz 0ms (cache hit)
npm http cache is-core-module@https://registry.npmjs.org/is-core-module/-/is-core-module-2.16.1.tgz 0ms (cache hit)
npm http cache @remix-run/router@https://registry.npmjs.org/@remix-run/router/-/router-1.23.2.tgz 0ms (cache hit)
npm http cache scheduler@https://registry.npmjs.org/scheduler/-/scheduler-0.23.2.tgz 0ms (cache hit)
npm http cache wrappy@https://registry.npmjs.org/wrappy/-/wrappy-1.0.2.tgz 0ms (cache hit)
npm http cache end-of-stream@https://registry.npmjs.org/end-of-stream/-/end-of-stream-1.4.5.tgz 0ms (cache hit)
npm http cache once@https://registry.npmjs.org/once/-/once-1.4.0.tgz 0ms (cache hit)
npm http cache object-assign@https://registry.npmjs.org/object-assign/-/object-assign-4.1.1.tgz 0ms (cache hit)
npm http cache loose-envify@https://registry.npmjs.org/loose-envify/-/loose-envify-1.4.0.tgz 0ms (cache hit)
npm http cache react-is@https://registry.npmjs.org/react-is/-/react-is-17.0.2.tgz 0ms (cache hit)
npm http cache nanoid@https://registry.npmjs.org/nanoid/-/nanoid-3.3.11.tgz 0ms (cache hit)
npm http cache ansi-regex@https://registry.npmjs.org/ansi-regex/-/ansi-regex-5.0.1.tgz 0ms (cache hit)
npm http cache callsites@https://registry.npmjs.org/callsites/-/callsites-3.1.0.tgz 0ms (cache hit)
npm http cache aggregate-error@https://registry.npmjs.org/aggregate-error/-/aggregate-error-3.1.0.tgz 0ms (cache hit)
npm http cache yocto-queue@https://registry.npmjs.org/yocto-queue/-/yocto-queue-0.1.0.tgz 0ms (cache hit)
npm http cache word-wrap@https://registry.npmjs.org/word-wrap/-/word-wrap-1.2.5.tgz 0ms (cache hit)
npm http cache clean-stack@https://registry.npmjs.org/clean-stack/-/clean-stack-2.2.0.tgz 0ms (cache hit)
npm http cache indent-string@https://registry.npmjs.org/indent-string/-/indent-string-4.0.0.tgz 0ms (cache hit)
npm http cache p-limit@https://registry.npmjs.org/p-limit/-/p-limit-3.1.0.tgz 0ms (cache hit)
npm http cache fast-levenshtein@https://registry.npmjs.org/fast-levenshtein/-/fast-levenshtein-2.0.6.tgz 0ms (cache hit)
npm http cache deep-is@https://registry.npmjs.org/deep-is/-/deep-is-0.1.4.tgz 0ms (cache hit)
npm http cache concat-map@https://registry.npmjs.org/concat-map/-/concat-map-0.0.1.tgz 0ms (cache hit)
npm http cache mimic-fn@https://registry.npmjs.org/mimic-fn/-/mimic-fn-2.1.0.tgz 0ms (cache hit)
npm http cache balanced-match@https://registry.npmjs.org/balanced-match/-/balanced-match-1.0.2.tgz 0ms (cache hit)
npm http cache brace-expansion@https://registry.npmjs.org/brace-expansion/-/brace-expansion-1.1.12.tgz 0ms (cache hit)
npm http cache to-regex-range@https://registry.npmjs.org/to-regex-range/-/to-regex-range-5.0.1.tgz 0ms (cache hit)
npm http cache fill-range@https://registry.npmjs.org/fill-range/-/fill-range-7.1.1.tgz 0ms (cache hit)
npm http cache picomatch@https://registry.npmjs.org/picomatch/-/picomatch-2.3.1.tgz 0ms (cache hit)
npm http cache mime-db@https://registry.npmjs.org/mime-db/-/mime-db-1.52.0.tgz 0ms (cache hit)
npm http cache braces@https://registry.npmjs.org/braces/-/braces-3.0.3.tgz 0ms (cache hit)
npm http cache source-map-js@https://registry.npmjs.org/source-map-js/-/source-map-js-1.2.1.tgz 0ms (cache hit)
npm http cache get-func-name@https://registry.npmjs.org/get-func-name/-/get-func-name-2.0.2.tgz 0ms (cache hit)
npm http cache ansi-escapes@https://registry.npmjs.org/ansi-escapes/-/ansi-escapes-4.3.2.tgz 0ms (cache hit)
npm http cache is-unicode-supported@https://registry.npmjs.org/is-unicode-supported/-/is-unicode-supported-0.1.0.tgz 0ms (cache hit)
npm http cache yallist@https://registry.npmjs.org/yallist/-/yallist-3.1.1.tgz 0ms (cache hit)
npm http cache p-locate@https://registry.npmjs.org/p-locate/-/p-locate-5.0.0.tgz 0ms (cache hit)
npm http cache slice-ansi@https://registry.npmjs.org/slice-ansi/-/slice-ansi-3.0.0.tgz 0ms (cache hit)
npm http cache wrap-ansi@https://registry.npmjs.org/wrap-ansi/-/wrap-ansi-7.0.0.tgz 0ms (cache hit)
npm http cache rfdc@https://registry.npmjs.org/rfdc/-/rfdc-1.4.1.tgz 0ms (cache hit)
npm http cache p-map@https://registry.npmjs.org/p-map/-/p-map-4.0.0.tgz 0ms (cache hit)
npm http cache through@https://registry.npmjs.org/through/-/through-2.3.8.tgz 0ms (cache hit)
npm http cache rxjs@https://registry.npmjs.org/rxjs/-/rxjs-7.8.2.tgz 0ms (cache hit)
npm http cache log-update@https://registry.npmjs.org/log-update/-/log-update-4.0.0.tgz 0ms (cache hit)
npm http cache colorette@https://registry.npmjs.org/colorette/-/colorette-2.0.20.tgz 0ms (cache hit)
npm http cache cli-truncate@https://registry.npmjs.org/cli-truncate/-/cli-truncate-2.1.0.tgz 0ms (cache hit)
npm http cache type-check@https://registry.npmjs.org/type-check/-/type-check-0.4.0.tgz 0ms (cache hit)
npm http cache json-buffer@https://registry.npmjs.org/json-buffer/-/json-buffer-3.0.1.tgz 0ms (cache hit)
npm http cache verror@https://registry.npmjs.org/verror/-/verror-1.10.0.tgz 0ms (cache hit)
npm http cache prelude-ls@https://registry.npmjs.org/prelude-ls/-/prelude-ls-1.2.1.tgz 0ms (cache hit)
npm http cache array.prototype.flat@https://registry.npmjs.org/array.prototype.flat/-/array.prototype.flat-1.3.3.tgz 0ms (cache hit)
npm http cache json-schema@https://registry.npmjs.org/json-schema/-/json-schema-0.4.0.tgz 0ms (cache hit)
npm http cache extsprintf@https://registry.npmjs.org/extsprintf/-/extsprintf-1.3.0.tgz 0ms (cache hit)
npm http cache argparse@https://registry.npmjs.org/argparse/-/argparse-2.0.1.tgz 0ms (cache hit)
npm http cache html-escaper@https://registry.npmjs.org/html-escaper/-/html-escaper-2.0.2.tgz 0ms (cache hit)
npm http cache ini@https://registry.npmjs.org/ini/-/ini-2.0.0.tgz 0ms (cache hit)
npm http cache set-function-name@https://registry.npmjs.org/set-function-name/-/set-function-name-2.0.2.tgz 0ms (cache hit)
npm http cache is-extglob@https://registry.npmjs.org/is-extglob/-/is-extglob-2.1.1.tgz 0ms (cache hit)
npm http cache make-dir@https://registry.npmjs.org/make-dir/-/make-dir-4.0.0.tgz 0ms (cache hit)
npm http cache global-dirs@https://registry.npmjs.org/global-dirs/-/global-dirs-3.0.1.tgz 0ms (cache hit)
npm http cache side-channel@https://registry.npmjs.org/side-channel/-/side-channel-1.1.0.tgz 0ms (cache hit)
npm http cache resolve-from@https://registry.npmjs.org/resolve-from/-/resolve-from-4.0.0.tgz 0ms (cache hit)
npm http cache parent-module@https://registry.npmjs.org/parent-module/-/parent-module-1.0.1.tgz 0ms (cache hit)
npm http cache sshpk@https://registry.npmjs.org/sshpk/-/sshpk-1.18.0.tgz 0ms (cache hit)
npm http cache async@https://registry.npmjs.org/async/-/async-3.2.6.tgz 0ms (cache hit)
npm http cache jsprim@https://registry.npmjs.org/jsprim/-/jsprim-2.0.2.tgz 0ms (cache hit)
npm http cache assert-plus@https://registry.npmjs.org/assert-plus/-/assert-plus-1.0.0.tgz 0ms (cache hit)
npm http cache type-fest@https://registry.npmjs.org/type-fest/-/type-fest-0.20.2.tgz 0ms (cache hit)
npm http cache pump@https://registry.npmjs.org/pump/-/pump-3.0.3.tgz 0ms (cache hit)
npm http cache universalify@https://registry.npmjs.org/universalify/-/universalify-2.0.1.tgz 0ms (cache hit)
npm http cache functions-have-names@https://registry.npmjs.org/functions-have-names/-/functions-have-names-1.2.3.tgz 0ms (cache hit)
npm http cache jsonfile@https://registry.npmjs.org/jsonfile/-/jsonfile-6.2.0.tgz 0ms (cache hit)
npm http cache graceful-fs@https://registry.npmjs.org/graceful-fs/-/graceful-fs-4.2.11.tgz 0ms (cache hit)
npm http cache dunder-proto@https://registry.npmjs.org/dunder-proto/-/dunder-proto-1.0.1.tgz 0ms (cache hit)
npm http cache rimraf@https://registry.npmjs.org/rimraf/-/rimraf-3.0.2.tgz 0ms (cache hit)
npm http cache at-least-node@https://registry.npmjs.org/at-least-node/-/at-least-node-1.0.0.tgz 0ms (cache hit)
npm http cache asynckit@https://registry.npmjs.org/asynckit/-/asynckit-0.4.0.tgz 0ms (cache hit)
npm http cache path-exists@https://registry.npmjs.org/path-exists/-/path-exists-4.0.0.tgz 0ms (cache hit)
npm http cache locate-path@https://registry.npmjs.org/locate-path/-/locate-path-6.0.0.tgz 0ms (cache hit)
npm http cache keyv@https://registry.npmjs.org/keyv/-/keyv-4.5.4.tgz 0ms (cache hit)
npm http cache micromatch@https://registry.npmjs.org/micromatch/-/micromatch-4.0.8.tgz 1ms (cache hit)
npm http cache flat-cache@https://registry.npmjs.org/flat-cache/-/flat-cache-3.2.0.tgz 0ms (cache hit)
npm http cache reusify@https://registry.npmjs.org/reusify/-/reusify-1.1.0.tgz 0ms (cache hit)
npm http cache merge2@https://registry.npmjs.org/merge2/-/merge2-1.4.1.tgz 0ms (cache hit)
npm http cache undici-types@https://registry.npmjs.org/undici-types/-/undici-types-7.16.0.tgz 0ms (cache hit)
npm http cache @types/node@https://registry.npmjs.org/@types/node/-/node-25.0.9.tgz 0ms (cache hit)
npm http cache @types/yauzl@https://registry.npmjs.org/@types/yauzl/-/yauzl-2.10.3.tgz 0ms (cache hit)
npm http cache signal-exit@https://registry.npmjs.org/signal-exit/-/signal-exit-3.0.7.tgz 0ms (cache hit)
npm http cache pify@https://registry.npmjs.org/pify/-/pify-2.3.0.tgz 0ms (cache hit)
npm http cache strip-final-newline@https://registry.npmjs.org/strip-final-newline/-/strip-final-newline-2.0.0.tgz 0ms (cache hit)
npm http cache npm-run-path@https://registry.npmjs.org/npm-run-path/-/npm-run-path-4.0.1.tgz 0ms (cache hit)
npm http cache onetime@https://registry.npmjs.org/onetime/-/onetime-5.1.2.tgz 0ms (cache hit)
npm http cache @types/estree@https://registry.npmjs.org/@types/estree/-/estree-1.0.8.tgz 0ms (cache hit)
npm http cache is-stream@https://registry.npmjs.org/is-stream/-/is-stream-2.0.1.tgz 1ms (cache hit)
npm http cache merge-stream@https://registry.npmjs.org/merge-stream/-/merge-stream-2.0.0.tgz 0ms (cache hit)
npm http cache acorn-jsx@https://registry.npmjs.org/acorn-jsx/-/acorn-jsx-5.3.2.tgz 0ms (cache hit)
npm http cache get-stream@https://registry.npmjs.org/get-stream/-/get-stream-5.2.0.tgz 0ms (cache hit)
npm http cache human-signals@https://registry.npmjs.org/human-signals/-/human-signals-1.1.1.tgz 0ms (cache hit)
npm http cache acorn@https://registry.npmjs.org/acorn/-/acorn-8.15.0.tgz 0ms (cache hit)
npm http cache is-symbol@https://registry.npmjs.org/is-symbol/-/is-symbol-1.1.1.tgz 0ms (cache hit)
npm http cache esrecurse@https://registry.npmjs.org/esrecurse/-/esrecurse-4.3.0.tgz 0ms (cache hit)
npm http cache is-date-object@https://registry.npmjs.org/is-date-object/-/is-date-object-1.1.0.tgz 0ms (cache hit)
npm http cache iterator.prototype@https://registry.npmjs.org/iterator.prototype/-/iterator.prototype-1.1.5.tgz 0ms (cache hit)
npm http cache has-tostringtag@https://registry.npmjs.org/has-tostringtag/-/has-tostringtag-1.0.2.tgz 0ms (cache hit)
npm http cache possible-typed-array-names@https://registry.npmjs.org/possible-typed-array-names/-/possible-typed-array-names-1.1.0.tgz 0ms (cache hit)
npm http cache unbox-primitive@https://registry.npmjs.org/unbox-primitive/-/unbox-primitive-1.1.0.tgz 0ms (cache hit)
npm http cache typed-array-length@https://registry.npmjs.org/typed-array-length/-/typed-array-length-1.0.7.tgz 0ms (cache hit)
npm http cache which-typed-array@https://registry.npmjs.org/which-typed-array/-/which-typed-array-1.1.20.tgz 0ms (cache hit)
npm http cache typed-array-byte-offset@https://registry.npmjs.org/typed-array-byte-offset/-/typed-array-byte-offset-1.0.4.tgz 0ms (cache hit)
npm http cache typed-array-buffer@https://registry.npmjs.org/typed-array-buffer/-/typed-array-buffer-1.0.3.tgz 0ms (cache hit)
npm http cache typed-array-byte-length@https://registry.npmjs.org/typed-array-byte-length/-/typed-array-byte-length-1.0.3.tgz 0ms (cache hit)
npm http cache stop-iteration-iterator@https://registry.npmjs.org/stop-iteration-iterator/-/stop-iteration-iterator-1.1.0.tgz 1ms (cache hit)
npm http cache string.prototype.trimstart@https://registry.npmjs.org/string.prototype.trimstart/-/string.prototype.trimstart-1.0.8.tgz 0ms (cache hit)
npm http cache string.prototype.trimend@https://registry.npmjs.org/string.prototype.trimend/-/string.prototype.trimend-1.0.9.tgz 0ms (cache hit)
npm http cache safe-regex-test@https://registry.npmjs.org/safe-regex-test/-/safe-regex-test-1.1.0.tgz 1ms (cache hit)
npm http cache set-proto@https://registry.npmjs.org/set-proto/-/set-proto-1.0.0.tgz 0ms (cache hit)
npm http cache safe-push-apply@https://registry.npmjs.org/safe-push-apply/-/safe-push-apply-1.0.0.tgz 0ms (cache hit)
npm http cache string.prototype.trim@https://registry.npmjs.org/string.prototype.trim/-/string.prototype.trim-1.2.10.tgz 0ms (cache hit)
npm http cache safe-array-concat@https://registry.npmjs.org/safe-array-concat/-/safe-array-concat-1.1.3.tgz 0ms (cache hit)
npm http cache own-keys@https://registry.npmjs.org/own-keys/-/own-keys-1.0.1.tgz 0ms (cache hit)
npm http cache object.assign@https://registry.npmjs.org/object.assign/-/object.assign-4.1.7.tgz 0ms (cache hit)
npm http cache regexp.prototype.flags@https://registry.npmjs.org/regexp.prototype.flags/-/regexp.prototype.flags-1.5.4.tgz 0ms (cache hit)
npm http cache object-inspect@https://registry.npmjs.org/object-inspect/-/object-inspect-1.13.4.tgz 0ms (cache hit)
npm http cache is-shared-array-buffer@https://registry.npmjs.org/is-shared-array-buffer/-/is-shared-array-buffer-1.0.4.tgz 0ms (cache hit)
npm http cache is-weakref@https://registry.npmjs.org/is-weakref/-/is-weakref-1.1.1.tgz 0ms (cache hit)
npm http cache is-set@https://registry.npmjs.org/is-set/-/is-set-2.0.3.tgz 0ms (cache hit)
npm http cache is-typed-array@https://registry.npmjs.org/is-typed-array/-/is-typed-array-1.1.15.tgz 0ms (cache hit)
npm http cache is-regex@https://registry.npmjs.org/is-regex/-/is-regex-1.2.1.tgz 0ms (cache hit)
npm http cache is-data-view@https://registry.npmjs.org/is-data-view/-/is-data-view-1.0.2.tgz 0ms (cache hit)
npm http cache is-negative-zero@https://registry.npmjs.org/is-negative-zero/-/is-negative-zero-2.0.3.tgz 0ms (cache hit)
npm http cache is-array-buffer@https://registry.npmjs.org/is-array-buffer/-/is-array-buffer-3.0.5.tgz 0ms (cache hit)
npm http cache has-proto@https://registry.npmjs.org/has-proto/-/has-proto-1.2.0.tgz 0ms (cache hit)
npm http cache is-callable@https://registry.npmjs.org/is-callable/-/is-callable-1.2.7.tgz 0ms (cache hit)
npm http cache has-symbols@https://registry.npmjs.org/has-symbols/-/has-symbols-1.1.0.tgz 0ms (cache hit)
npm http cache internal-slot@https://registry.npmjs.org/internal-slot/-/internal-slot-1.1.0.tgz 0ms (cache hit)
npm http cache globalthis@https://registry.npmjs.org/globalthis/-/globalthis-1.0.4.tgz 0ms (cache hit)
npm http cache get-proto@https://registry.npmjs.org/get-proto/-/get-proto-1.0.1.tgz 0ms (cache hit)
npm http cache get-symbol-description@https://registry.npmjs.org/get-symbol-description/-/get-symbol-description-1.1.0.tgz 0ms (cache hit)
npm http cache function.prototype.name@https://registry.npmjs.org/function.prototype.name/-/function.prototype.name-1.1.8.tgz 0ms (cache hit)
npm http cache es-to-primitive@https://registry.npmjs.org/es-to-primitive/-/es-to-primitive-1.3.0.tgz 0ms (cache hit)
npm http cache es-set-tostringtag@https://registry.npmjs.org/es-set-tostringtag/-/es-set-tostringtag-2.1.0.tgz 0ms (cache hit)
npm http cache data-view-buffer@https://registry.npmjs.org/data-view-buffer/-/data-view-buffer-1.0.2.tgz 1ms (cache hit)
npm http cache available-typed-arrays@https://registry.npmjs.org/available-typed-arrays/-/available-typed-arrays-1.0.7.tgz 0ms (cache hit)
npm http cache data-view-byte-offset@https://registry.npmjs.org/data-view-byte-offset/-/data-view-byte-offset-1.0.1.tgz 0ms (cache hit)
npm http cache data-view-byte-length@https://registry.npmjs.org/data-view-byte-length/-/data-view-byte-length-1.0.2.tgz 0ms (cache hit)
npm http cache arraybuffer.prototype.slice@https://registry.npmjs.org/arraybuffer.prototype.slice/-/arraybuffer.prototype.slice-1.0.4.tgz 0ms (cache hit)
npm http cache array-buffer-byte-length@https://registry.npmjs.org/array-buffer-byte-length/-/array-buffer-byte-length-1.0.2.tgz 0ms (cache hit)
npm http cache object-keys@https://registry.npmjs.org/object-keys/-/object-keys-1.1.1.tgz 0ms (cache hit)
npm http cache has-property-descriptors@https://registry.npmjs.org/has-property-descriptors/-/has-property-descriptors-1.0.2.tgz 0ms (cache hit)
npm http cache gopd@https://registry.npmjs.org/gopd/-/gopd-1.2.0.tgz 0ms (cache hit)
npm http cache set-function-length@https://registry.npmjs.org/set-function-length/-/set-function-length-1.2.2.tgz 0ms (cache hit)
npm http cache define-data-property@https://registry.npmjs.org/define-data-property/-/define-data-property-1.1.4.tgz 0ms (cache hit)
npm http cache call-bind-apply-helpers@https://registry.npmjs.org/call-bind-apply-helpers/-/call-bind-apply-helpers-1.0.2.tgz 0ms (cache hit)
npm http cache function-bind@https://registry.npmjs.org/function-bind/-/function-bind-1.1.2.tgz 0ms (cache hit)
npm http cache es-define-property@https://registry.npmjs.org/es-define-property/-/es-define-property-1.0.1.tgz 0ms (cache hit)
npm http cache es-errors@https://registry.npmjs.org/es-errors/-/es-errors-1.3.0.tgz 0ms (cache hit)
npm http cache es-shim-unscopables@https://registry.npmjs.org/es-shim-unscopables/-/es-shim-unscopables-1.1.0.tgz 0ms (cache hit)
npm http cache is-string@https://registry.npmjs.org/is-string/-/is-string-1.1.1.tgz 0ms (cache hit)
npm http cache math-intrinsics@https://registry.npmjs.org/math-intrinsics/-/math-intrinsics-1.1.0.tgz 0ms (cache hit)
npm http cache get-intrinsic@https://registry.npmjs.org/get-intrinsic/-/get-intrinsic-1.3.0.tgz 0ms (cache hit)
npm http cache define-properties@https://registry.npmjs.org/define-properties/-/define-properties-1.2.1.tgz 0ms (cache hit)
npm http cache es-object-atoms@https://registry.npmjs.org/es-object-atoms/-/es-object-atoms-1.1.1.tgz 0ms (cache hit)
npm http cache call-bind@https://registry.npmjs.org/call-bind/-/call-bind-1.0.8.tgz 0ms (cache hit)
npm http cache es-abstract@https://registry.npmjs.org/es-abstract/-/es-abstract-1.24.1.tgz 0ms (cache hit)
npm http cache call-bound@https://registry.npmjs.org/call-bound/-/call-bound-1.0.4.tgz 0ms (cache hit)
npm http cache string.prototype.repeat@https://registry.npmjs.org/string.prototype.repeat/-/string.prototype.repeat-1.0.0.tgz 0ms (cache hit)
npm http cache resolve@https://registry.npmjs.org/resolve/-/resolve-2.0.0-next.5.tgz 0ms (cache hit)
npm http cache string.prototype.matchall@https://registry.npmjs.org/string.prototype.matchall/-/string.prototype.matchall-4.0.12.tgz 0ms (cache hit)
npm http cache prop-types@https://registry.npmjs.org/prop-types/-/prop-types-15.8.1.tgz 0ms (cache hit)
npm http cache object.values@https://registry.npmjs.org/object.values/-/object.values-1.2.1.tgz 0ms (cache hit)
npm http cache object.entries@https://registry.npmjs.org/object.entries/-/object.entries-1.1.9.tgz 0ms (cache hit)
npm http cache object.fromentries@https://registry.npmjs.org/object.fromentries/-/object.fromentries-2.0.8.tgz 0ms (cache hit)
npm http cache hasown@https://registry.npmjs.org/hasown/-/hasown-2.0.2.tgz 0ms (cache hit)
npm http cache estraverse@https://registry.npmjs.org/estraverse/-/estraverse-5.3.0.tgz 0ms (cache hit)
npm http cache jsx-ast-utils@https://registry.npmjs.org/jsx-ast-utils/-/jsx-ast-utils-3.3.5.tgz 0ms (cache hit)
npm http cache es-iterator-helpers@https://registry.npmjs.org/es-iterator-helpers/-/es-iterator-helpers-1.2.2.tgz 0ms (cache hit)
npm http cache array.prototype.tosorted@https://registry.npmjs.org/array.prototype.tosorted/-/array.prototype.tosorted-1.1.4.tgz 0ms (cache hit)
npm http cache array-includes@https://registry.npmjs.org/array-includes/-/array-includes-3.1.9.tgz 0ms (cache hit)
npm http cache array.prototype.findlast@https://registry.npmjs.org/array.prototype.findlast/-/array.prototype.findlast-1.2.5.tgz 0ms (cache hit)
npm http cache array.prototype.flatmap@https://registry.npmjs.org/array.prototype.flatmap/-/array.prototype.flatmap-1.3.3.tgz 0ms (cache hit)
npm http cache which@https://registry.npmjs.org/which/-/which-2.0.2.tgz 0ms (cache hit)
npm http cache shebang-command@https://registry.npmjs.org/shebang-command/-/shebang-command-2.0.0.tgz 0ms (cache hit)
npm http cache json-schema-traverse@https://registry.npmjs.org/json-schema-traverse/-/json-schema-traverse-0.4.1.tgz 0ms (cache hit)
npm http cache fast-json-stable-stringify@https://registry.npmjs.org/fast-json-stable-stringify/-/fast-json-stable-stringify-2.1.0.tgz 0ms (cache hit)
npm http cache uri-js@https://registry.npmjs.org/uri-js/-/uri-js-4.4.1.tgz 0ms (cache hit)
npm http cache path-key@https://registry.npmjs.org/path-key/-/path-key-3.1.1.tgz 0ms (cache hit)
npm http cache fastq@https://registry.npmjs.org/fastq/-/fastq-1.20.1.tgz 0ms (cache hit)
npm http cache @humanwhocodes/object-schema@https://registry.npmjs.org/@humanwhocodes/object-schema/-/object-schema-2.0.3.tgz 0ms (cache hit)
npm http cache run-parallel@https://registry.npmjs.org/run-parallel/-/run-parallel-1.2.0.tgz 1ms (cache hit)
npm http cache import-fresh@https://registry.npmjs.org/import-fresh/-/import-fresh-3.3.1.tgz 0ms (cache hit)
npm http cache @nodelib/fs.scandir@https://registry.npmjs.org/@nodelib/fs.scandir/-/fs.scandir-2.1.5.tgz 0ms (cache hit)
npm http cache optionator@https://registry.npmjs.org/optionator/-/optionator-0.9.4.tgz 0ms (cache hit)
npm http cache @nodelib/fs.stat@https://registry.npmjs.org/@nodelib/fs.stat/-/fs.stat-2.0.5.tgz 0ms (cache hit)
npm http cache strip-json-comments@https://registry.npmjs.org/strip-json-comments/-/strip-json-comments-3.1.1.tgz 0ms (cache hit)
npm http cache text-table@https://registry.npmjs.org/text-table/-/text-table-0.2.0.tgz 0ms (cache hit)
npm http cache natural-compare@https://registry.npmjs.org/natural-compare/-/natural-compare-1.4.0.tgz 0ms (cache hit)
npm http cache lodash.merge@https://registry.npmjs.org/lodash.merge/-/lodash.merge-4.6.2.tgz 0ms (cache hit)
npm http cache js-yaml@https://registry.npmjs.org/js-yaml/-/js-yaml-4.1.1.tgz 0ms (cache hit)
npm http cache levn@https://registry.npmjs.org/levn/-/levn-0.4.1.tgz 0ms (cache hit)
npm http cache minimatch@https://registry.npmjs.org/minimatch/-/minimatch-3.1.2.tgz 0ms (cache hit)
npm http cache json-stable-stringify-without-jsonify@https://registry.npmjs.org/json-stable-stringify-without-jsonify/-/json-stable-stringify-without-jsonify-1.0.1.tgz 0ms (cache hit)
npm http cache is-path-inside@https://registry.npmjs.org/is-path-inside/-/is-path-inside-3.0.3.tgz 0ms (cache hit)
npm http cache is-glob@https://registry.npmjs.org/is-glob/-/is-glob-4.0.3.tgz 0ms (cache hit)
npm http cache imurmurhash@https://registry.npmjs.org/imurmurhash/-/imurmurhash-0.1.4.tgz 0ms (cache hit)
npm http cache ignore@https://registry.npmjs.org/ignore/-/ignore-5.3.2.tgz 0ms (cache hit)
npm http cache graphemer@https://registry.npmjs.org/graphemer/-/graphemer-1.4.0.tgz 0ms (cache hit)
npm http cache find-up@https://registry.npmjs.org/find-up/-/find-up-5.0.0.tgz 1ms (cache hit)
npm http cache file-entry-cache@https://registry.npmjs.org/file-entry-cache/-/file-entry-cache-6.0.1.tgz 1ms (cache hit)
npm http cache glob-parent@https://registry.npmjs.org/glob-parent/-/glob-parent-6.0.2.tgz 0ms (cache hit)
npm http cache globals@https://registry.npmjs.org/globals/-/globals-13.24.0.tgz 0ms (cache hit)
npm http cache fast-deep-equal@https://registry.npmjs.org/fast-deep-equal/-/fast-deep-equal-3.1.3.tgz 0ms (cache hit)
npm http cache esquery@https://registry.npmjs.org/esquery/-/esquery-1.7.0.tgz 0ms (cache hit)
npm http cache espree@https://registry.npmjs.org/espree/-/espree-9.6.1.tgz 0ms (cache hit)
npm http cache esutils@https://registry.npmjs.org/esutils/-/esutils-2.0.3.tgz 0ms (cache hit)
npm http cache eslint-scope@https://registry.npmjs.org/eslint-scope/-/eslint-scope-7.2.2.tgz 0ms (cache hit)
npm http cache escape-string-regexp@https://registry.npmjs.org/escape-string-regexp/-/escape-string-regexp-4.0.0.tgz 0ms (cache hit)
npm http cache eslint-visitor-keys@https://registry.npmjs.org/eslint-visitor-keys/-/eslint-visitor-keys-3.4.3.tgz 0ms (cache hit)
npm http cache doctrine@https://registry.npmjs.org/doctrine/-/doctrine-3.0.0.tgz 0ms (cache hit)
npm http cache @ungap/structured-clone@https://registry.npmjs.org/@ungap/structured-clone/-/structured-clone-1.3.0.tgz 0ms (cache hit)
npm http cache @nodelib/fs.walk@https://registry.npmjs.org/@nodelib/fs.walk/-/fs.walk-1.2.8.tgz 0ms (cache hit)
npm http cache cross-spawn@https://registry.npmjs.org/cross-spawn/-/cross-spawn-7.0.6.tgz 1ms (cache hit)
npm http cache ajv@https://registry.npmjs.org/ajv/-/ajv-6.12.6.tgz 0ms (cache hit)
npm http cache @humanwhocodes/config-array@https://registry.npmjs.org/@humanwhocodes/config-array/-/config-array-0.13.0.tgz 0ms (cache hit)
npm http cache @humanwhocodes/module-importer@https://registry.npmjs.org/@humanwhocodes/module-importer/-/module-importer-1.0.1.tgz 0ms (cache hit)
npm http cache strip-ansi@https://registry.npmjs.org/strip-ansi/-/strip-ansi-6.0.1.tgz 0ms (cache hit)
npm http cache @eslint-community/regexpp@https://registry.npmjs.org/@eslint-community/regexpp/-/regexpp-4.12.2.tgz 0ms (cache hit)
npm http cache @eslint/eslintrc@https://registry.npmjs.org/@eslint/eslintrc/-/eslintrc-2.1.4.tgz 0ms (cache hit)
npm http cache @eslint/js@https://registry.npmjs.org/@eslint/js/-/js-8.57.1.tgz 0ms (cache hit)
npm http cache @eslint-community/eslint-utils@https://registry.npmjs.org/@eslint-community/eslint-utils/-/eslint-utils-4.9.1.tgz 0ms (cache hit)
npm http cache ms@https://registry.npmjs.org/ms/-/ms-2.1.3.tgz 0ms (cache hit)
npm http cache delayed-stream@https://registry.npmjs.org/delayed-stream/-/delayed-stream-1.0.0.tgz 0ms (cache hit)
npm http cache string-width@https://registry.npmjs.org/string-width/-/string-width-4.2.3.tgz 0ms (cache hit)
npm http cache @colors/colors@https://registry.npmjs.org/@colors/colors/-/colors-1.5.0.tgz 0ms (cache hit)
npm http cache ansi-colors@https://registry.npmjs.org/ansi-colors/-/ansi-colors-4.1.3.tgz 0ms (cache hit)
npm http cache restore-cursor@https://registry.npmjs.org/restore-cursor/-/restore-cursor-3.1.0.tgz 0ms (cache hit)
npm http cache base64-js@https://registry.npmjs.org/base64-js/-/base64-js-1.5.1.tgz 0ms (cache hit)
npm http cache lodash.once@https://registry.npmjs.org/lodash.once/-/lodash.once-4.1.1.tgz 0ms (cache hit)
npm http cache ieee754@https://registry.npmjs.org/ieee754/-/ieee754-1.2.1.tgz 0ms (cache hit)
npm http cache uuid@https://registry.npmjs.org/uuid/-/uuid-8.3.2.tgz 0ms (cache hit)
npm http cache safe-buffer@https://registry.npmjs.org/safe-buffer/-/safe-buffer-5.2.1.tgz 0ms (cache hit)
npm http cache qs@https://registry.npmjs.org/qs/-/qs-6.14.1.tgz 0ms (cache hit)
npm http cache tough-cookie@https://registry.npmjs.org/tough-cookie/-/tough-cookie-5.1.2.tgz 0ms (cache hit)
npm http cache tunnel-agent@https://registry.npmjs.org/tunnel-agent/-/tunnel-agent-0.6.0.tgz 0ms (cache hit)
npm http cache mime-types@https://registry.npmjs.org/mime-types/-/mime-types-2.1.35.tgz 0ms (cache hit)
npm http cache isstream@https://registry.npmjs.org/isstream/-/isstream-0.1.2.tgz 0ms (cache hit)
npm http cache is-typedarray@https://registry.npmjs.org/is-typedarray/-/is-typedarray-1.0.0.tgz 0ms (cache hit)
npm http cache performance-now@https://registry.npmjs.org/performance-now/-/performance-now-2.1.0.tgz 0ms (cache hit)
npm http cache json-stringify-safe@https://registry.npmjs.org/json-stringify-safe/-/json-stringify-safe-5.0.1.tgz 0ms (cache hit)
npm http cache http-signature@https://registry.npmjs.org/http-signature/-/http-signature-1.4.0.tgz 0ms (cache hit)
npm http cache extend@https://registry.npmjs.org/extend/-/extend-3.0.2.tgz 0ms (cache hit)
npm http cache forever-agent@https://registry.npmjs.org/forever-agent/-/forever-agent-0.6.1.tgz 0ms (cache hit)
npm http cache caseless@https://registry.npmjs.org/caseless/-/caseless-0.12.0.tgz 0ms (cache hit)
npm http cache aws-sign2@https://registry.npmjs.org/aws-sign2/-/aws-sign2-0.7.0.tgz 0ms (cache hit)
npm http cache aws4@https://registry.npmjs.org/aws4/-/aws4-1.13.2.tgz 0ms (cache hit)
npm http cache combined-stream@https://registry.npmjs.org/combined-stream/-/combined-stream-1.0.8.tgz 0ms (cache hit)
npm http cache yauzl@https://registry.npmjs.org/yauzl/-/yauzl-2.10.0.tgz 0ms (cache hit)
npm http cache tree-kill@https://registry.npmjs.org/tree-kill/-/tree-kill-1.2.2.tgz 0ms (cache hit)
npm http cache tmp@https://registry.npmjs.org/tmp/-/tmp-0.2.5.tgz 0ms (cache hit)
npm http cache process@https://registry.npmjs.org/process/-/process-0.11.10.tgz 0ms (cache hit)
npm http cache untildify@https://registry.npmjs.org/untildify/-/untildify-4.0.0.tgz 0ms (cache hit)
npm http cache request-progress@https://registry.npmjs.org/request-progress/-/request-progress-3.0.0.tgz 0ms (cache hit)
npm http cache minimist@https://registry.npmjs.org/minimist/-/minimist-1.2.8.tgz 0ms (cache hit)
npm http cache ospath@https://registry.npmjs.org/ospath/-/ospath-1.2.2.tgz 0ms (cache hit)
npm http cache pretty-bytes@https://registry.npmjs.org/pretty-bytes/-/pretty-bytes-5.6.0.tgz 0ms (cache hit)
npm http cache lodash@https://registry.npmjs.org/lodash/-/lodash-4.17.21.tgz 0ms (cache hit)
npm http cache listr2@https://registry.npmjs.org/listr2/-/listr2-3.14.0.tgz 0ms (cache hit)
npm http cache log-symbols@https://registry.npmjs.org/log-symbols/-/log-symbols-4.1.0.tgz 0ms (cache hit)
npm http cache figures@https://registry.npmjs.org/figures/-/figures-3.2.0.tgz 0ms (cache hit)
npm http cache getos@https://registry.npmjs.org/getos/-/getos-3.2.1.tgz 0ms (cache hit)
npm http cache is-installed-globally@https://registry.npmjs.org/is-installed-globally/-/is-installed-globally-0.4.0.tgz 0ms (cache hit)
npm http cache lazy-ass@https://registry.npmjs.org/lazy-ass/-/lazy-ass-1.6.0.tgz 0ms (cache hit)
npm http cache extract-zip@https://registry.npmjs.org/extract-zip/-/extract-zip-2.0.1.tgz 0ms (cache hit)
npm http cache fs-extra@https://registry.npmjs.org/fs-extra/-/fs-extra-9.1.0.tgz 0ms (cache hit)
npm http cache executable@https://registry.npmjs.org/executable/-/executable-4.1.1.tgz 0ms (cache hit)
npm http cache eventemitter2@https://registry.npmjs.org/eventemitter2/-/eventemitter2-6.4.7.tgz 0ms (cache hit)
npm http cache dayjs@https://registry.npmjs.org/dayjs/-/dayjs-1.11.19.tgz 0ms (cache hit)
npm http cache common-tags@https://registry.npmjs.org/common-tags/-/common-tags-1.8.2.tgz 0ms (cache hit)
npm http cache execa@https://registry.npmjs.org/execa/-/execa-4.1.0.tgz 0ms (cache hit)
npm http cache commander@https://registry.npmjs.org/commander/-/commander-6.2.1.tgz 0ms (cache hit)
npm http cache cli-table3@https://registry.npmjs.org/cli-table3/-/cli-table3-0.6.5.tgz 0ms (cache hit)
npm http cache enquirer@https://registry.npmjs.org/enquirer/-/enquirer-2.4.1.tgz 0ms (cache hit)
npm http cache cli-cursor@https://registry.npmjs.org/cli-cursor/-/cli-cursor-3.1.0.tgz 0ms (cache hit)
npm http cache ci-info@https://registry.npmjs.org/ci-info/-/ci-info-4.3.1.tgz 0ms (cache hit)
npm http cache check-more-types@https://registry.npmjs.org/check-more-types/-/check-more-types-2.24.0.tgz 0ms (cache hit)
npm http cache buffer@https://registry.npmjs.org/buffer/-/buffer-5.7.1.tgz 0ms (cache hit)
npm http cache blob-util@https://registry.npmjs.org/blob-util/-/blob-util-2.0.2.tgz 0ms (cache hit)
npm http cache @types/sizzle@https://registry.npmjs.org/@types/sizzle/-/sizzle-2.3.10.tgz 0ms (cache hit)
npm http cache cachedir@https://registry.npmjs.org/cachedir/-/cachedir-2.4.0.tgz 0ms (cache hit)
npm http cache bluebird@https://registry.npmjs.org/bluebird/-/bluebird-3.7.2.tgz 0ms (cache hit)
npm http cache arch@https://registry.npmjs.org/arch/-/arch-2.2.0.tgz 0ms (cache hit)
npm http cache @types/sinonjs__fake-timers@https://registry.npmjs.org/@types/sinonjs__fake-timers/-/sinonjs__fake-timers-8.1.1.tgz 0ms (cache hit)
npm http cache @cypress/request@https://registry.npmjs.org/@cypress/request/-/request-3.0.10.tgz 0ms (cache hit)
npm http cache color-name@https://registry.npmjs.org/color-name/-/color-name-1.1.4.tgz 0ms (cache hit)
npm http cache color-convert@https://registry.npmjs.org/color-convert/-/color-convert-2.0.1.tgz 0ms (cache hit)
npm http cache @cypress/xvfb@https://registry.npmjs.org/@cypress/xvfb/-/xvfb-1.2.4.tgz 0ms (cache hit)
npm http cache supports-color@https://registry.npmjs.org/supports-color/-/supports-color-7.2.0.tgz 0ms (cache hit)
npm http cache ansi-styles@https://registry.npmjs.org/ansi-styles/-/ansi-styles-4.3.0.tgz 0ms (cache hit)
npm http cache update-browserslist-db@https://registry.npmjs.org/update-browserslist-db/-/update-browserslist-db-1.2.3.tgz 0ms (cache hit)
npm http cache node-releases@https://registry.npmjs.org/node-releases/-/node-releases-2.0.27.tgz 0ms (cache hit)
npm http cache proxy-from-env@https://registry.npmjs.org/proxy-from-env/-/proxy-from-env-1.1.0.tgz 0ms (cache hit)
npm http cache form-data@https://registry.npmjs.org/form-data/-/form-data-4.0.5.tgz 0ms (cache hit)
npm http cache electron-to-chromium@https://registry.npmjs.org/electron-to-chromium/-/electron-to-chromium-1.5.267.tgz 0ms (cache hit)
npm http cache baseline-browser-mapping@https://registry.npmjs.org/baseline-browser-mapping/-/baseline-browser-mapping-2.9.15.tgz 0ms (cache hit)
npm http cache postcss-value-parser@https://registry.npmjs.org/postcss-value-parser/-/postcss-value-parser-4.2.0.tgz 0ms (cache hit)
npm http cache follow-redirects@https://registry.npmjs.org/follow-redirects/-/follow-redirects-1.15.11.tgz 0ms (cache hit)
npm http cache loupe@https://registry.npmjs.org/loupe/-/loupe-2.3.7.tgz 0ms (cache hit)
npm http cache caniuse-lite@https://registry.npmjs.org/caniuse-lite/-/caniuse-lite-1.0.30001764.tgz 0ms (cache hit)
npm http cache fraction.js@https://registry.npmjs.org/fraction.js/-/fraction.js-5.3.4.tgz 0ms (cache hit)
npm http cache estree-walker@https://registry.npmjs.org/estree-walker/-/estree-walker-3.0.3.tgz 0ms (cache hit)
npm http cache diff-sequences@https://registry.npmjs.org/diff-sequences/-/diff-sequences-29.6.3.tgz 0ms (cache hit)
npm http cache pathe@https://registry.npmjs.org/pathe/-/pathe-1.1.2.tgz 0ms (cache hit)
npm http cache flatted@https://registry.npmjs.org/flatted/-/flatted-3.3.3.tgz 0ms (cache hit)
npm http cache @vitest/utils@https://registry.npmjs.org/@vitest/utils/-/utils-1.6.1.tgz 0ms (cache hit)
npm http cache sirv@https://registry.npmjs.org/sirv/-/sirv-2.0.4.tgz 0ms (cache hit)
npm http cache fast-glob@https://registry.npmjs.org/fast-glob/-/fast-glob-3.3.3.tgz 0ms (cache hit)
npm http cache test-exclude@https://registry.npmjs.org/test-exclude/-/test-exclude-6.0.0.tgz 0ms (cache hit)
npm http cache fflate@https://registry.npmjs.org/fflate/-/fflate-0.8.2.tgz 0ms (cache hit)
npm http cache strip-literal@https://registry.npmjs.org/strip-literal/-/strip-literal-2.1.1.tgz 0ms (cache hit)
npm http cache std-env@https://registry.npmjs.org/std-env/-/std-env-3.10.0.tgz 0ms (cache hit)
npm http cache magicast@https://registry.npmjs.org/magicast/-/magicast-0.3.5.tgz 0ms (cache hit)
npm http cache magic-string@https://registry.npmjs.org/magic-string/-/magic-string-0.30.21.tgz 0ms (cache hit)
npm http cache istanbul-lib-source-maps@https://registry.npmjs.org/istanbul-lib-source-maps/-/istanbul-lib-source-maps-5.0.6.tgz 1ms (cache hit)
npm http cache istanbul-reports@https://registry.npmjs.org/istanbul-reports/-/istanbul-reports-3.2.0.tgz 0ms (cache hit)
npm http cache @ampproject/remapping@https://registry.npmjs.org/@ampproject/remapping/-/remapping-2.3.0.tgz 0ms (cache hit)
npm http cache @bcoe/v8-coverage@https://registry.npmjs.org/@bcoe/v8-coverage/-/v8-coverage-0.2.3.tgz 0ms (cache hit)
npm http cache istanbul-lib-coverage@https://registry.npmjs.org/istanbul-lib-coverage/-/istanbul-lib-coverage-3.2.2.tgz 0ms (cache hit)
npm http cache istanbul-lib-report@https://registry.npmjs.org/istanbul-lib-report/-/istanbul-lib-report-3.0.1.tgz 0ms (cache hit)
npm http cache @jridgewell/resolve-uri@https://registry.npmjs.org/@jridgewell/resolve-uri/-/resolve-uri-3.1.2.tgz 0ms (cache hit)
npm http cache @types/babel__traverse@https://registry.npmjs.org/@types/babel__traverse/-/babel__traverse-7.28.0.tgz 0ms (cache hit)
npm http cache @jridgewell/sourcemap-codec@https://registry.npmjs.org/@jridgewell/sourcemap-codec/-/sourcemap-codec-1.5.5.tgz 0ms (cache hit)
npm http cache @types/babel__template@https://registry.npmjs.org/@types/babel__template/-/babel__template-7.4.4.tgz 0ms (cache hit)
npm http cache @types/babel__generator@https://registry.npmjs.org/@types/babel__generator/-/babel__generator-7.27.0.tgz 0ms (cache hit)
npm http cache @babel/helper-plugin-utils@https://registry.npmjs.org/@babel/helper-plugin-utils/-/helper-plugin-utils-7.28.6.tgz 0ms (cache hit)
npm http cache @babel/helper-globals@https://registry.npmjs.org/@babel/helper-globals/-/helper-globals-7.28.0.tgz 0ms (cache hit)
npm http cache @babel/helper-string-parser@https://registry.npmjs.org/@babel/helper-string-parser/-/helper-string-parser-7.27.1.tgz 0ms (cache hit)
npm http cache lru-cache@https://registry.npmjs.org/lru-cache/-/lru-cache-5.1.1.tgz 0ms (cache hit)
npm http cache @babel/helper-module-imports@https://registry.npmjs.org/@babel/helper-module-imports/-/helper-module-imports-7.28.6.tgz 0ms (cache hit)
npm http cache browserslist@https://registry.npmjs.org/browserslist/-/browserslist-4.28.1.tgz 0ms (cache hit)
npm http cache @babel/compat-data@https://registry.npmjs.org/@babel/compat-data/-/compat-data-7.28.6.tgz 0ms (cache hit)
npm http cache @babel/helper-validator-option@https://registry.npmjs.org/@babel/helper-validator-option/-/helper-validator-option-7.27.1.tgz 0ms (cache hit)
npm http cache semver@https://registry.npmjs.org/semver/-/semver-6.3.1.tgz 0ms (cache hit)
npm http cache jsesc@https://registry.npmjs.org/jsesc/-/jsesc-3.1.0.tgz 0ms (cache hit)
npm http cache @jridgewell/trace-mapping@https://registry.npmjs.org/@jridgewell/trace-mapping/-/trace-mapping-0.3.31.tgz 0ms (cache hit)
npm http cache @jridgewell/remapping@https://registry.npmjs.org/@jridgewell/remapping/-/remapping-2.3.5.tgz 0ms (cache hit)
npm http cache @jridgewell/gen-mapping@https://registry.npmjs.org/@jridgewell/gen-mapping/-/gen-mapping-0.3.13.tgz 0ms (cache hit)
npm http cache json5@https://registry.npmjs.org/json5/-/json5-2.2.3.tgz 0ms (cache hit)
npm http cache debug@https://registry.npmjs.org/debug/-/debug-4.4.3.tgz 0ms (cache hit)
npm http cache gensync@https://registry.npmjs.org/gensync/-/gensync-1.0.0-beta.2.tgz 0ms (cache hit)
npm http cache convert-source-map@https://registry.npmjs.org/convert-source-map/-/convert-source-map-2.0.0.tgz 0ms (cache hit)
npm http cache @babel/traverse@https://registry.npmjs.org/@babel/traverse/-/traverse-7.28.6.tgz 0ms (cache hit)
npm http cache @babel/types@https://registry.npmjs.org/@babel/types/-/types-7.28.6.tgz 0ms (cache hit)
npm http cache @babel/template@https://registry.npmjs.org/@babel/template/-/template-7.28.6.tgz 0ms (cache hit)
npm http cache @babel/parser@https://registry.npmjs.org/@babel/parser/-/parser-7.28.6.tgz 0ms (cache hit)
npm http cache @babel/helpers@https://registry.npmjs.org/@babel/helpers/-/helpers-7.28.6.tgz 0ms (cache hit)
npm http cache @types/babel__core@https://registry.npmjs.org/@types/babel__core/-/babel__core-7.20.5.tgz 1ms (cache hit)
npm http cache @babel/generator@https://registry.npmjs.org/@babel/generator/-/generator-7.28.6.tgz 0ms (cache hit)
npm http cache @babel/helper-module-transforms@https://registry.npmjs.org/@babel/helper-module-transforms/-/helper-module-transforms-7.28.6.tgz 0ms (cache hit)
npm http cache @babel/helper-compilation-targets@https://registry.npmjs.org/@babel/helper-compilation-targets/-/helper-compilation-targets-7.28.6.tgz 0ms (cache hit)
npm http cache @babel/plugin-transform-react-jsx-source@https://registry.npmjs.org/@babel/plugin-transform-react-jsx-source/-/plugin-transform-react-jsx-source-7.27.1.tgz 0ms (cache hit)
npm http cache @rolldown/pluginutils@https://registry.npmjs.org/@rolldown/pluginutils/-/pluginutils-1.0.0-beta.27.tgz 0ms (cache hit)
npm http cache @babel/core@https://registry.npmjs.org/@babel/core/-/core-7.28.6.tgz 0ms (cache hit)
npm http cache @babel/plugin-transform-react-jsx-self@https://registry.npmjs.org/@babel/plugin-transform-react-jsx-self/-/plugin-transform-react-jsx-self-7.27.1.tgz 0ms (cache hit)
npm http cache react-refresh@https://registry.npmjs.org/react-refresh/-/react-refresh-0.17.0.tgz 0ms (cache hit)
npm http cache js-tokens@https://registry.npmjs.org/js-tokens/-/js-tokens-4.0.0.tgz 0ms (cache hit)
npm http cache pretty-format@https://registry.npmjs.org/pretty-format/-/pretty-format-27.5.1.tgz 0ms (cache hit)
npm http cache @babel/helper-validator-identifier@https://registry.npmjs.org/@babel/helper-validator-identifier/-/helper-validator-identifier-7.28.5.tgz 1ms (cache hit)
npm http cache @types/aria-query@https://registry.npmjs.org/@types/aria-query/-/aria-query-5.0.4.tgz 0ms (cache hit)
npm http cache chalk@https://registry.npmjs.org/chalk/-/chalk-4.1.2.tgz 0ms (cache hit)
npm http cache lz-string@https://registry.npmjs.org/lz-string/-/lz-string-1.5.0.tgz 0ms (cache hit)
npm http cache @babel/code-frame@https://registry.npmjs.org/@babel/code-frame/-/code-frame-7.28.6.tgz 0ms (cache hit)
npm http cache @testing-library/dom@https://registry.npmjs.org/@testing-library/dom/-/dom-9.3.4.tgz 0ms (cache hit)
npm http cache @types/react-dom@https://registry.npmjs.org/@types/react-dom/-/react-dom-18.3.7.tgz 0ms (cache hit)
npm http cache @babel/runtime@https://registry.npmjs.org/@babel/runtime/-/runtime-7.28.6.tgz 0ms (cache hit)
npm http cache redent@https://registry.npmjs.org/redent/-/redent-3.0.0.tgz 0ms (cache hit)
npm http cache picocolors@https://registry.npmjs.org/picocolors/-/picocolors-1.1.1.tgz 0ms (cache hit)
npm http cache css.escape@https://registry.npmjs.org/css.escape/-/css.escape-1.5.1.tgz 0ms (cache hit)
npm http cache @adobe/css-tools@https://registry.npmjs.org/@adobe/css-tools/-/css-tools-4.4.4.tgz 0ms (cache hit)
npm http cache dom-accessibility-api@https://registry.npmjs.org/dom-accessibility-api/-/dom-accessibility-api-0.6.3.tgz 0ms (cache hit)
npm http cache aria-query@https://registry.npmjs.org/aria-query/-/aria-query-5.3.2.tgz 0ms (cache hit)
npm http cache vite@https://registry.npmjs.org/vite/-/vite-5.4.21.tgz 0ms (cache hit)
npm http cache vitest@https://registry.npmjs.org/vitest/-/vitest-1.6.1.tgz 0ms (cache hit)
npm http cache zustand@https://registry.npmjs.org/zustand/-/zustand-4.5.7.tgz 0ms (cache hit)
npm http cache tailwindcss@https://registry.npmjs.org/tailwindcss/-/tailwindcss-3.4.19.tgz 0ms (cache hit)
npm http cache react-router-dom@https://registry.npmjs.org/react-router-dom/-/react-router-dom-6.30.3.tgz 0ms (cache hit)
npm http cache postcss@https://registry.npmjs.org/postcss/-/postcss-8.5.6.tgz 0ms (cache hit)
npm http cache react@https://registry.npmjs.org/react/-/react-18.3.1.tgz 0ms (cache hit)
npm http cache prettier@https://registry.npmjs.org/prettier/-/prettier-3.8.0.tgz 0ms (cache hit)
npm http cache react-dom@https://registry.npmjs.org/react-dom/-/react-dom-18.3.1.tgz 0ms (cache hit)
npm http cache eslint-plugin-react@https://registry.npmjs.org/eslint-plugin-react/-/eslint-plugin-react-7.37.5.tgz 0ms (cache hit)
npm http cache eslint-plugin-react-hooks@https://registry.npmjs.org/eslint-plugin-react-hooks/-/eslint-plugin-react-hooks-4.6.2.tgz 0ms (cache hit)
npm http cache autoprefixer@https://registry.npmjs.org/autoprefixer/-/autoprefixer-10.4.23.tgz 0ms (cache hit)
npm http cache @vitest/ui@https://registry.npmjs.org/@vitest/ui/-/ui-1.6.1.tgz 0ms (cache hit)
npm http cache @vitest/coverage-v8@https://registry.npmjs.org/@vitest/coverage-v8/-/coverage-v8-1.6.1.tgz 0ms (cache hit)
npm http cache eslint@https://registry.npmjs.org/eslint/-/eslint-8.57.1.tgz 0ms (cache hit)
npm http cache @vitejs/plugin-react@https://registry.npmjs.org/@vitejs/plugin-react/-/plugin-react-4.7.0.tgz 0ms (cache hit)
npm http cache cypress@https://registry.npmjs.org/cypress/-/cypress-13.17.0.tgz 0ms (cache hit)
npm http cache axios@https://registry.npmjs.org/axios/-/axios-1.13.2.tgz 0ms (cache hit)
npm http cache pathe@https://registry.npmjs.org/pathe/-/pathe-2.0.3.tgz 0ms (cache hit)
npm http cache @testing-library/react@https://registry.npmjs.org/@testing-library/react/-/react-14.3.1.tgz 0ms (cache hit)
npm http cache react-is@https://registry.npmjs.org/react-is/-/react-is-18.3.1.tgz 0ms (cache hit)
npm http cache @testing-library/jest-dom@https://registry.npmjs.org/@testing-library/jest-dom/-/jest-dom-6.9.1.tgz 0ms (cache hit)
npm http cache pretty-format@https://registry.npmjs.org/pretty-format/-/pretty-format-29.7.0.tgz 1ms (cache hit)
npm http cache ansi-styles@https://registry.npmjs.org/ansi-styles/-/ansi-styles-5.2.0.tgz 0ms (cache hit)
npm http cache pathe@https://registry.npmjs.org/pathe/-/pathe-2.0.3.tgz 0ms (cache hit)
npm http cache yocto-queue@https://registry.npmjs.org/yocto-queue/-/yocto-queue-1.2.2.tgz 0ms (cache hit)
npm http cache @testing-library/user-event@https://registry.npmjs.org/@testing-library/user-event/-/user-event-14.6.1.tgz 0ms (cache hit)
npm http cache glob-parent@https://registry.npmjs.org/glob-parent/-/glob-parent-5.1.2.tgz 0ms (cache hit)
npm http cache picomatch@https://registry.npmjs.org/picomatch/-/picomatch-4.0.3.tgz 0ms (cache hit)
npm http cache type-fest@https://registry.npmjs.org/type-fest/-/type-fest-0.21.3.tgz 0ms (cache hit)
npm http cache commander@https://registry.npmjs.org/commander/-/commander-4.1.1.tgz 0ms (cache hit)
npm http cache slice-ansi@https://registry.npmjs.org/slice-ansi/-/slice-ansi-4.0.0.tgz 0ms (cache hit)
npm http cache p-limit@https://registry.npmjs.org/p-limit/-/p-limit-5.0.0.tgz 0ms (cache hit)
npm http cache resolve@https://registry.npmjs.org/resolve/-/resolve-1.22.11.tgz 0ms (cache hit)
npm http cache wrap-ansi@https://registry.npmjs.org/wrap-ansi/-/wrap-ansi-6.2.0.tgz 0ms (cache hit)
npm http cache semver@https://registry.npmjs.org/semver/-/semver-7.7.3.tgz 0ms (cache hit)
npm http cache glob-parent@https://registry.npmjs.org/glob-parent/-/glob-parent-5.1.2.tgz 0ms (cache hit)
npm http cache react-is@https://registry.npmjs.org/react-is/-/react-is-16.13.1.tgz 0ms (cache hit)
npm http cache debug@https://registry.npmjs.org/debug/-/debug-3.2.7.tgz 0ms (cache hit)
npm http cache escape-string-regexp@https://registry.npmjs.org/escape-string-regexp/-/escape-string-regexp-1.0.5.tgz 0ms (cache hit)
npm http cache react-is@https://registry.npmjs.org/react-is/-/react-is-18.3.1.tgz 0ms (cache hit)
npm http cache pretty-format@https://registry.npmjs.org/pretty-format/-/pretty-format-29.7.0.tgz 0ms (cache hit)
npm http cache ansi-styles@https://registry.npmjs.org/ansi-styles/-/ansi-styles-5.2.0.tgz 0ms (cache hit)
npm http cache mimic-fn@https://registry.npmjs.org/mimic-fn/-/mimic-fn-4.0.0.tgz 0ms (cache hit)
npm http cache ansi-styles@https://registry.npmjs.org/ansi-styles/-/ansi-styles-5.2.0.tgz 0ms (cache hit)
npm http cache dom-accessibility-api@https://registry.npmjs.org/dom-accessibility-api/-/dom-accessibility-api-0.5.16.tgz 1ms (cache hit)
npm http cache aria-query@https://registry.npmjs.org/aria-query/-/aria-query-5.1.3.tgz 0ms (cache hit)
npm http cache onetime@https://registry.npmjs.org/onetime/-/onetime-6.0.0.tgz 0ms (cache hit)
npm http cache strip-final-newline@https://registry.npmjs.org/strip-final-newline/-/strip-final-newline-3.0.0.tgz 0ms (cache hit)
npm http cache js-tokens@https://registry.npmjs.org/js-tokens/-/js-tokens-9.0.1.tgz 0ms (cache hit)
npm http cache signal-exit@https://registry.npmjs.org/signal-exit/-/signal-exit-4.1.0.tgz 0ms (cache hit)
npm http cache resolve@https://registry.npmjs.org/resolve/-/resolve-1.22.11.tgz 0ms (cache hit)
npm http cache npm-run-path@https://registry.npmjs.org/npm-run-path/-/npm-run-path-5.3.0.tgz 0ms (cache hit)
npm http cache is-stream@https://registry.npmjs.org/is-stream/-/is-stream-3.0.0.tgz 0ms (cache hit)
npm http cache path-key@https://registry.npmjs.org/path-key/-/path-key-4.0.0.tgz 0ms (cache hit)
npm http cache human-signals@https://registry.npmjs.org/human-signals/-/human-signals-5.0.0.tgz 0ms (cache hit)
npm http cache get-stream@https://registry.npmjs.org/get-stream/-/get-stream-8.0.1.tgz 0ms (cache hit)
npm http cache doctrine@https://registry.npmjs.org/doctrine/-/doctrine-2.1.0.tgz 0ms (cache hit)
npm http cache execa@https://registry.npmjs.org/execa/-/execa-8.0.1.tgz 0ms (cache hit)
npm http cache supports-color@https://registry.npmjs.org/supports-color/-/supports-color-8.1.1.tgz 0ms (cache hit)
npm http cache proxy-from-env@https://registry.npmjs.org/proxy-from-env/-/proxy-from-env-1.0.0.tgz 0ms (cache hit)
npm http cache semver@https://registry.npmjs.org/semver/-/semver-7.7.3.tgz 0ms (cache hit)
npm http fetch POST 200 https://registry.npmjs.org/-/npm/v1/security/advisories/bulk 1799ms
npm warn deprecated inflight@1.0.6: This module is not supported, and leaks memory. Do not use it. Check out lru-cache if you want a good and tested way to coalesce async requests by a key value, which is much more comprehensive and powerful.
npm warn deprecated @humanwhocodes/config-array@0.13.0: Use @eslint/config-array instead
npm warn deprecated rimraf@3.0.2: Rimraf versions prior to v4 are no longer supported
npm warn deprecated glob@7.2.3: Glob versions prior to v9 are no longer supported
npm http fetch GET 200 https://registry.npmjs.org/esbuild 1594ms (cache revalidated)
npm warn deprecated @humanwhocodes/object-schema@2.0.3: Use @eslint/object-schema instead
npm http fetch GET 200 https://registry.npmjs.org/vite 1178ms (cache revalidated)
npm http fetch GET 200 https://registry.npmjs.org/vite-node 557ms (cache revalidated)
npm http fetch GET 200 https://registry.npmjs.org/vitest 834ms (cache revalidated)
npm http fetch GET 200 https://registry.npmjs.org/aria-query/-/aria-query-5.3.2.tgz 11538ms (cache miss)
npm warn deprecated eslint@8.57.1: This version is no longer supported. Please see https://eslint.org/version-support for other options.
npm info run cypress@13.17.0 postinstall node_modules/cypress node index.js --exec install
npm info run esbuild@0.21.5 postinstall node_modules/esbuild node install.js
npm info run esbuild@0.21.5 postinstall { code: 0, signal: null }
npm info run cypress@13.17.0 postinstall { code: 0, signal: null }

added 567 packages, changed 1 package, and audited 569 packages in 3m

180 packages are looking for funding
  run `npm fund` for details

4 moderate severity vulnerabilities

To address all issues (including breaking changes), run:
  npm audit fix --force

Run `npm audit` for details.
npm verbose cwd C:\Users\henry\Desktop\SPOFE-APP VERS 1.0\frontend
npm verbose os Windows_NT 10.0.26220
npm verbose node v24.12.0
npm verbose npm  v11.6.2
npm verbose exit 0
npm info ok
